일시,지역명,검색건수
03,충청북도 괴산군,20229
04,충청북도 괴산군,26522
06,충청북도 괴산군,34975
07,충청북도 괴산군,36455
09,충청북도 괴산군,39671
05,충청북도 괴산군,29203
08,충청북도 괴산군,56424
01,충청북도 괴산군,14254
02,충청북도 괴산군,15325
10,충청북도 괴산군,59410
11,충청북도 괴산군,31698
12,충청북도 괴산군,16084
03,충청북도 단양군,58394
04,충청북도 단양군,92882
06,충청북도 단양군,106414
07,충청북도 단양군,94131
09,충청북도 단양군,107003
05,충청북도 단양군,101057
08,충청북도 단양군,139094
01,충청북도 단양군,45133
02,충청북도 단양군,62972
10,충청북도 단양군,169468
11,충청북도 단양군,96021
12,충청북도 단양군,43431
03,충청북도 보은군,21955
04,충청북도 보은군,27807
06,충청북도 보은군,27769
07,충청북도 보은군,22819
09,충청북도 보은군,31344
05,충청북도 보은군,30123
08,충청북도 보은군,31161
01,충청북도 보은군,11287
02,충청북도 보은군,15346
10,충청북도 보은군,67711
11,충청북도 보은군,32241
12,충청북도 보은군,14639
03,충청북도 영동군,15038
04,충청북도 영동군,16372
06,충청북도 영동군,19248
07,충청북도 영동군,16607
09,충청북도 영동군,24156
05,충청북도 영동군,18957
08,충청북도 영동군,25578
01,충청북도 영동군,10743
02,충청북도 영동군,10621
10,충청북도 영동군,25175
11,충청북도 영동군,17436
12,충청북도 영동군,12144
03,충청북도 옥천군,30323
04,충청북도 옥천군,37757
06,충청북도 옥천군,30168
07,충청북도 옥천군,24104
09,충청북도 옥천군,32719
05,충청북도 옥천군,34674
08,충청북도 옥천군,28050
01,충청북도 옥천군,16889
02,충청북도 옥천군,17092
10,충청북도 옥천군,39721
11,충청북도 옥천군,28055
12,충청북도 옥천군,17561
03,충청북도 음성군,70538
04,충청북도 음성군,72225
06,충청북도 음성군,79262
07,충청북도 음성군,70199
09,충청북도 음성군,93182
05,충청북도 음성군,78947
08,충청북도 음성군,78733
01,충청북도 음성군,36462
02,충청북도 음성군,48109
10,충청북도 음성군,91993
11,충청북도 음성군,76674
12,충청북도 음성군,50880
03,충청북도 제천시,103525
04,충청북도 제천시,129861
06,충청북도 제천시,133969
07,충청북도 제천시,134615
09,충청북도 제천시,147204
05,충청북도 제천시,133723
08,충청북도 제천시,179544
01,충청북도 제천시,81117
02,충청북도 제천시,92955
10,충청북도 제천시,195889
11,충청북도 제천시,133402
12,충청북도 제천시,98343
03,충청북도 증평군,24306
04,충청북도 증평군,27090
06,충청북도 증평군,27867
07,충청북도 증평군,23543
09,충청북도 증평군,30208
05,충청북도 증평군,29203
08,충청북도 증평군,28442
01,충청북도 증평군,16655
02,충청북도 증평군,19446
10,충청북도 증평군,34842
11,충청북도 증평군,24101
12,충청북도 증평군,21978
03,충청북도 진천군,71404
04,충청북도 진천군,82922
06,충청북도 진천군,80352
07,충청북도 진천군,67190
09,충청북도 진천군,81036
05,충청북도 진천군,84387
08,충청북도 진천군,74663
01,충청북도 진천군,36105
02,충청북도 진천군,46413
10,충청북도 진천군,87162
11,충청북도 진천군,68401
12,충청북도 진천군,49111
03,충청북도 청주시 상당구,118516
04,충청북도 청주시 상당구,126322
06,충청북도 청주시 상당구,121741
07,충청북도 청주시 상당구,109820
09,충청북도 청주시 상당구,133867
05,충청북도 청주시 상당구,125127
08,충청북도 청주시 상당구,123066
01,충청북도 청주시 상당구,86914
02,충청북도 청주시 상당구,92754
10,충청북도 청주시 상당구,165888
11,충청북도 청주시 상당구,115346
12,충청북도 청주시 상당구,106244
03,충청북도 청주시 서원구,76924
04,충청북도 청주시 서원구,76570
06,충청북도 청주시 서원구,75926
07,충청북도 청주시 서원구,77748
09,충청북도 청주시 서원구,79666
05,충청북도 청주시 서원구,80966
08,충청북도 청주시 서원구,80846
01,충청북도 청주시 서원구,65174
02,충청북도 청주시 서원구,67445
10,충청북도 청주시 서원구,78481
11,충청북도 청주시 서원구,72871
12,충청북도 청주시 서원구,91744
03,충청북도 청주시 청원구,140211
04,충청북도 청주시 청원구,147083
06,충청북도 청주시 청원구,154144
07,충청북도 청주시 청원구,151171
09,충청북도 청주시 청원구,160638
05,충청북도 청주시 청원구,153982
08,충청북도 청주시 청원구,157247
01,충청북도 청주시 청원구,119326
02,충청북도 청주시 청원구,123315
10,충청북도 청주시 청원구,171696
11,충청북도 청주시 청원구,144146
12,충청북도 청주시 청원구,156007
03,충청북도 청주시 흥덕구,228742
04,충청북도 청주시 흥덕구,236026
06,충청북도 청주시 흥덕구,235101
07,충청북도 청주시 흥덕구,239236
09,충청북도 청주시 흥덕구,239673
05,충청북도 청주시 흥덕구,241647
08,충청북도 청주시 흥덕구,241201
01,충청북도 청주시 흥덕구,204530
02,충청북도 청주시 흥덕구,207584
10,충청북도 청주시 흥덕구,243429
11,충청북도 청주시 흥덕구,239043
12,충청북도 청주시 흥덕구,248942
03,충청북도 충주시,179171
04,충청북도 충주시,202450
06,충청북도 충주시,209222
07,충청북도 충주시,191220
09,충청북도 충주시,219880
05,충청북도 충주시,210382
08,충청북도 충주시,226815
01,충청북도 충주시,108862
02,충청북도 충주시,135467
10,충청북도 충주시,246756
11,충청북도 충주시,192616
12,충청북도 충주시,142321
03,충청남도 계룡시,20020
04,충청남도 계룡시,20858
06,충청남도 계룡시,22285
07,충청남도 계룡시,21198
09,충청남도 계룡시,23812
05,충청남도 계룡시,21690
08,충청남도 계룡시,20969
01,충청남도 계룡시,17070
02,충청남도 계룡시,17965
10,충청남도 계룡시,30993
11,충청남도 계룡시,22761
12,충청남도 계룡시,21361
03,충청남도 공주시,128360
04,충청남도 공주시,146599
06,충청남도 공주시,167662
07,충청남도 공주시,125719
09,충청남도 공주시,165205
05,충청남도 공주시,144976
08,충청남도 공주시,142581
01,충청남도 공주시,94888
02,충청남도 공주시,102872
10,충청남도 공주시,189765
11,충청남도 공주시,122289
12,충청남도 공주시,99691
03,충청남도 금산군,24619
04,충청남도 금산군,27965
06,충청남도 금산군,29261
07,충청남도 금산군,26851
09,충청남도 금산군,35152
05,충청남도 금산군,28385
08,충청남도 금산군,33636
01,충청남도 금산군,18230
02,충청남도 금산군,18129
10,충청남도 금산군,45054
11,충청남도 금산군,24523
12,충청남도 금산군,17249
03,충청남도 논산시,86896
04,충청남도 논산시,67040
06,충청남도 논산시,67263
07,충청남도 논산시,63350
09,충청남도 논산시,79407
05,충청남도 논산시,70633
08,충청남도 논산시,75102
01,충청남도 논산시,57355
02,충청남도 논산시,58905
10,충청남도 논산시,87029
11,충청남도 논산시,65125
12,충청남도 논산시,60868
03,충청남도 당진시,154085
04,충청남도 당진시,173249
06,충청남도 당진시,160181
07,충청남도 당진시,141087
09,충청남도 당진시,180290
05,충청남도 당진시,159908
08,충청남도 당진시,159479
01,충청남도 당진시,103235
02,충청남도 당진시,114742
10,충청남도 당진시,187508
11,충청남도 당진시,132858
12,충청남도 당진시,125727
03,충청남도 보령시,117558
04,충청남도 보령시,123251
06,충청남도 보령시,138306
07,충청남도 보령시,133806
09,충청남도 보령시,207150
05,충청남도 보령시,138562
08,충청남도 보령시,178178
01,충청남도 보령시,113144
02,충청남도 보령시,112098
10,충청남도 보령시,199877
11,충청남도 보령시,128519
12,충청남도 보령시,135118
03,충청남도 부여군,54482
04,충청남도 부여군,55255
06,충청남도 부여군,57103
07,충청남도 부여군,58269
09,충청남도 부여군,79656
05,충청남도 부여군,59069
08,충청남도 부여군,61429
01,충청남도 부여군,44737
02,충청남도 부여군,52345
10,충청남도 부여군,98276
11,충청남도 부여군,55515
12,충청남도 부여군,42449
03,충청남도 서산시,120843
04,충청남도 서산시,168881
06,충청남도 서산시,104769
07,충청남도 서산시,102385
09,충청남도 서산시,132340
05,충청남도 서산시,108793
08,충청남도 서산시,122392
01,충청남도 서산시,81707
02,충청남도 서산시,88142
10,충청남도 서산시,142745
11,충청남도 서산시,107283
12,충청남도 서산시,97924
03,충청남도 서천군,61999
04,충청남도 서천군,48867
06,충청남도 서천군,49052
07,충청남도 서천군,36294
09,충청남도 서천군,91447
05,충청남도 서천군,48510
08,충청남도 서천군,65279
01,충청남도 서천군,33929
02,충청남도 서천군,36754
10,충청남도 서천군,81866
11,충청남도 서천군,45326
12,충청남도 서천군,37911
03,충청남도 아산시,290936
04,충청남도 아산시,300253
06,충청남도 아산시,297862
07,충청남도 아산시,290394
09,충청남도 아산시,311487
05,충청남도 아산시,306241
08,충청남도 아산시,309164
01,충청남도 아산시,238491
02,충청남도 아산시,260800
10,충청남도 아산시,354022
11,충청남도 아산시,311947
12,충청남도 아산시,299305
03,충청남도 예산군,92338
04,충청남도 예산군,110385
06,충청남도 예산군,105784
07,충청남도 예산군,95192
09,충청남도 예산군,140830
05,충청남도 예산군,108385
08,충청남도 예산군,110870
01,충청남도 예산군,88490
02,충청남도 예산군,127017
10,충청남도 예산군,156416
11,충청남도 예산군,103806
12,충청남도 예산군,104285
03,충청남도 천안시 동남구,245234
04,충청남도 천안시 동남구,262720
06,충청남도 천안시 동남구,253277
07,충청남도 천안시 동남구,255434
09,충청남도 천안시 동남구,254204
05,충청남도 천안시 동남구,265841
08,충청남도 천안시 동남구,285169
01,충청남도 천안시 동남구,192740
02,충청남도 천안시 동남구,209820
10,충청남도 천안시 동남구,276641
11,충청남도 천안시 동남구,242055
12,충청남도 천안시 동남구,236508
03,충청남도 천안시 서북구,254720
04,충청남도 천안시 서북구,250573
06,충청남도 천안시 서북구,261941
07,충청남도 천안시 서북구,274937
09,충청남도 천안시 서북구,255118
05,충청남도 천안시 서북구,262332
08,충청남도 천안시 서북구,277839
01,충청남도 천안시 서북구,230885
02,충청남도 천안시 서북구,232975
10,충청남도 천안시 서북구,253198
11,충청남도 천안시 서북구,248086
12,충청남도 천안시 서북구,282955
03,충청남도 청양군,12779
04,충청남도 청양군,16960
06,충청남도 청양군,11974
07,충청남도 청양군,11374
09,충청남도 청양군,19848
05,충청남도 청양군,13703
08,충청남도 청양군,16045
01,충청남도 청양군,17326
02,충청남도 청양군,14735
10,충청남도 청양군,18312
11,충청남도 청양군,11905
12,충청남도 청양군,14656
03,충청남도 태안군,153388
04,충청남도 태안군,210472
06,충청남도 태안군,226498
07,충청남도 태안군,199618
09,충청남도 태안군,303698
05,충청남도 태안군,220208
08,충청남도 태안군,275319
01,충청남도 태안군,98210
02,충청남도 태안군,124274
10,충청남도 태안군,315359
11,충청남도 태안군,146968
12,충청남도 태안군,123051
03,충청남도 홍성군,50381
04,충청남도 홍성군,42219
06,충청남도 홍성군,42218
07,충청남도 홍성군,40165
09,충청남도 홍성군,76956
05,충청남도 홍성군,44406
08,충청남도 홍성군,47378
01,충청남도 홍성군,43242
02,충청남도 홍성군,50902
10,충청남도 홍성군,74312
11,충청남도 홍성군,52986
12,충청남도 홍성군,46288
03,전북특별자치도 고창군,36916
04,전북특별자치도 고창군,58476
06,전북특별자치도 고창군,46298
07,전북특별자치도 고창군,33026
09,전북특별자치도 고창군,66339
05,전북특별자치도 고창군,46898
08,전북특별자치도 고창군,44466
01,전북특별자치도 고창군,23033
02,전북특별자치도 고창군,26923
10,전북특별자치도 고창군,79382
11,전북특별자치도 고창군,46516
12,전북특별자치도 고창군,24556
03,전북특별자치도 군산시,187482
04,전북특별자치도 군산시,195234
06,전북특별자치도 군산시,182234
07,전북특별자치도 군산시,173933
09,전북특별자치도 군산시,218984
05,전북특별자치도 군산시,201685
08,전북특별자치도 군산시,216481
01,전북특별자치도 군산시,146548
02,전북특별자치도 군산시,181554
10,전북특별자치도 군산시,237250
11,전북특별자치도 군산시,171071
12,전북특별자치도 군산시,167592
03,전북특별자치도 김제시,36131
04,전북특별자치도 김제시,37913
06,전북특별자치도 김제시,35650
07,전북특별자치도 김제시,32930
09,전북특별자치도 김제시,47547
05,전북특별자치도 김제시,38839
08,전북특별자치도 김제시,38464
01,전북특별자치도 김제시,30703
02,전북특별자치도 김제시,28909
10,전북특별자치도 김제시,58725
11,전북특별자치도 김제시,38521
12,전북특별자치도 김제시,34639
03,전북특별자치도 남원시,46941
04,전북특별자치도 남원시,49612
06,전북특별자치도 남원시,43513
07,전북특별자치도 남원시,44756
09,전북특별자치도 남원시,52174
05,전북특별자치도 남원시,56864
08,전북특별자치도 남원시,62851
01,전북특별자치도 남원시,33734
02,전북특별자치도 남원시,34296
10,전북특별자치도 남원시,62187
11,전북특별자치도 남원시,42864
12,전북특별자치도 남원시,33346
03,전북특별자치도 무주군,17098
04,전북특별자치도 무주군,21840
06,전북특별자치도 무주군,35395
07,전북특별자치도 무주군,37198
09,전북특별자치도 무주군,44694
05,전북특별자치도 무주군,26920
08,전북특별자치도 무주군,55886
01,전북특별자치도 무주군,89582
02,전북특별자치도 무주군,58643
10,전북특별자치도 무주군,43115
11,전북특별자치도 무주군,31737
12,전북특별자치도 무주군,65255
03,전북특별자치도 부안군,55631
04,전북특별자치도 부안군,78361
06,전북특별자치도 부안군,81209
07,전북특별자치도 부안군,82499
09,전북특별자치도 부안군,91081
05,전북특별자치도 부안군,83049
08,전북특별자치도 부안군,114749
01,전북특별자치도 부안군,50145
02,전북특별자치도 부안군,54219
10,전북특별자치도 부안군,92711
11,전북특별자치도 부안군,59768
12,전북특별자치도 부안군,53893
03,전북특별자치도 순창군,14507
04,전북특별자치도 순창군,14305
06,전북특별자치도 순창군,14436
07,전북특별자치도 순창군,11190
09,전북특별자치도 순창군,18124
05,전북특별자치도 순창군,14380
08,전북특별자치도 순창군,18995
01,전북특별자치도 순창군,10142
02,전북특별자치도 순창군,15209
10,전북특별자치도 순창군,25005
11,전북특별자치도 순창군,21225
12,전북특별자치도 순창군,9460
03,전북특별자치도 완주군,53317
04,전북특별자치도 완주군,63046
06,전북특별자치도 완주군,62928
07,전북특별자치도 완주군,71275
09,전북특별자치도 완주군,62902
05,전북특별자치도 완주군,62873
08,전북특별자치도 완주군,93841
01,전북특별자치도 완주군,41639
02,전북특별자치도 완주군,42176
10,전북특별자치도 완주군,70174
11,전북특별자치도 완주군,55292
12,전북특별자치도 완주군,46776
03,전북특별자치도 익산시,104247
04,전북특별자치도 익산시,108107
06,전북특별자치도 익산시,109281
07,전북특별자치도 익산시,107830
09,전북특별자치도 익산시,131664
05,전북특별자치도 익산시,112072
08,전북특별자치도 익산시,116964
01,전북특별자치도 익산시,87474
02,전북특별자치도 익산시,87738
10,전북특별자치도 익산시,142544
11,전북특별자치도 익산시,106287
12,전북특별자치도 익산시,99986
03,전북특별자치도 임실군,22971
04,전북특별자치도 임실군,22934
06,전북특별자치도 임실군,20428
07,전북특별자치도 임실군,16368
09,전북특별자치도 임실군,28835
05,전북특별자치도 임실군,28103
08,전북특별자치도 임실군,19922
01,전북특별자치도 임실군,13112
02,전북특별자치도 임실군,12286
10,전북특별자치도 임실군,50178
11,전북특별자치도 임실군,21712
12,전북특별자치도 임실군,17063
03,전북특별자치도 장수군,3863
04,전북특별자치도 장수군,5044
06,전북특별자치도 장수군,6062
07,전북특별자치도 장수군,6621
09,전북특별자치도 장수군,10279
05,전북특별자치도 장수군,5268
08,전북특별자치도 장수군,9107
01,전북특별자치도 장수군,2491
02,전북특별자치도 장수군,2858
10,전북특별자치도 장수군,8590
11,전북특별자치도 장수군,4923
12,전북특별자치도 장수군,2898
03,전북특별자치도 전주시 덕진구,164513
04,전북특별자치도 전주시 덕진구,177460
06,전북특별자치도 전주시 덕진구,168000
07,전북특별자치도 전주시 덕진구,162102
09,전북특별자치도 전주시 덕진구,190814
05,전북특별자치도 전주시 덕진구,182770
08,전북특별자치도 전주시 덕진구,179194
01,전북특별자치도 전주시 덕진구,139834
02,전북특별자치도 전주시 덕진구,143834
10,전북특별자치도 전주시 덕진구,193055
11,전북특별자치도 전주시 덕진구,168295
12,전북특별자치도 전주시 덕진구,174290
03,전북특별자치도 전주시 완산구,187974
04,전북특별자치도 전주시 완산구,204231
06,전북특별자치도 전주시 완산구,186662
07,전북특별자치도 전주시 완산구,190717
09,전북특별자치도 전주시 완산구,205232
05,전북특별자치도 전주시 완산구,209261
08,전북특별자치도 전주시 완산구,216614
01,전북특별자치도 전주시 완산구,172709
02,전북특별자치도 전주시 완산구,191379
10,전북특별자치도 전주시 완산구,215887
11,전북특별자치도 전주시 완산구,181699
12,전북특별자치도 전주시 완산구,204105
03,전북특별자치도 정읍시,35007
04,전북특별자치도 정읍시,41676
06,전북특별자치도 정읍시,45804
07,전북특별자치도 정읍시,35636
09,전북특별자치도 정읍시,50404
05,전북특별자치도 정읍시,40954
08,전북특별자치도 정읍시,41412
01,전북특별자치도 정읍시,29774
02,전북특별자치도 정읍시,28123
10,전북특별자치도 정읍시,73872
11,전북특별자치도 정읍시,64748
12,전북특별자치도 정읍시,32803
03,전북특별자치도 진안군,11353
04,전북특별자치도 진안군,16903
06,전북특별자치도 진안군,13458
07,전북특별자치도 진안군,12217
09,전북특별자치도 진안군,20107
05,전북특별자치도 진안군,13644
08,전북특별자치도 진안군,18176
01,전북특별자치도 진안군,7883
02,전북특별자치도 진안군,8838
10,전북특별자치도 진안군,21731
11,전북특별자치도 진안군,15874
12,전북특별자치도 진안군,8703
03,전라남도 강진군,23334
04,전라남도 강진군,33926
06,전라남도 강진군,17465
07,전라남도 강진군,16781
09,전라남도 강진군,23108
05,전라남도 강진군,20040
08,전라남도 강진군,20576
01,전라남도 강진군,16281
02,전라남도 강진군,19625
10,전라남도 강진군,30676
11,전라남도 강진군,19393
12,전라남도 강진군,14555
03,전라남도 고흥군,26468
04,전라남도 고흥군,28354
06,전라남도 고흥군,28740
07,전라남도 고흥군,31508
09,전라남도 고흥군,40416
05,전라남도 고흥군,34144
08,전라남도 고흥군,40567
01,전라남도 고흥군,26066
02,전라남도 고흥군,24309
10,전라남도 고흥군,35900
11,전라남도 고흥군,26896
12,전라남도 고흥군,24631
03,전라남도 곡성군,18070
04,전라남도 곡성군,20705
06,전라남도 곡성군,19409
07,전라남도 곡성군,13897
09,전라남도 곡성군,18687
05,전라남도 곡성군,35449
08,전라남도 곡성군,18743
01,전라남도 곡성군,8362
02,전라남도 곡성군,9276
10,전라남도 곡성군,24538
11,전라남도 곡성군,12764
12,전라남도 곡성군,10115
03,전라남도 광양시,86952
04,전라남도 광양시,55901
06,전라남도 광양시,55559
07,전라남도 광양시,61865
09,전라남도 광양시,59302
05,전라남도 광양시,57720
08,전라남도 광양시,79308
01,전라남도 광양시,49228
02,전라남도 광양시,51414
10,전라남도 광양시,66141
11,전라남도 광양시,57001
12,전라남도 광양시,58875
03,전라남도 구례군,85615
04,전라남도 구례군,41433
06,전라남도 구례군,26560
07,전라남도 구례군,25883
09,전라남도 구례군,33585
05,전라남도 구례군,32949
08,전라남도 구례군,44898
01,전라남도 구례군,18847
02,전라남도 구례군,20456
10,전라남도 구례군,44980
11,전라남도 구례군,31869
12,전라남도 구례군,18766
03,전라남도 나주시,71781
04,전라남도 나주시,75819
06,전라남도 나주시,72621
07,전라남도 나주시,70152
09,전라남도 나주시,76495
05,전라남도 나주시,72362
08,전라남도 나주시,81106
01,전라남도 나주시,52447
02,전라남도 나주시,56333
10,전라남도 나주시,93817
11,전라남도 나주시,69820
12,전라남도 나주시,62235
03,전라남도 담양군,95512
04,전라남도 담양군,93097
06,전라남도 담양군,98092
07,전라남도 담양군,95329
09,전라남도 담양군,111765
05,전라남도 담양군,103573
08,전라남도 담양군,130889
01,전라남도 담양군,73746
02,전라남도 담양군,83195
10,전라남도 담양군,129151
11,전라남도 담양군,109176
12,전라남도 담양군,89145
03,전라남도 목포군,115566
04,전라남도 목포군,123177
06,전라남도 목포군,120282
07,전라남도 목포군,152272
09,전라남도 목포군,169004
05,전라남도 목포군,126015
08,전라남도 목포군,194006
01,전라남도 목포군,117383
02,전라남도 목포군,116977
10,전라남도 목포군,179679
11,전라남도 목포군,131083
12,전라남도 목포군,135314
03,전라남도 무안군,39232
04,전라남도 무안군,48066
06,전라남도 무안군,48330
07,전라남도 무안군,48553
09,전라남도 무안군,52366
05,전라남도 무안군,45754
08,전라남도 무안군,54134
01,전라남도 무안군,36052
02,전라남도 무안군,32141
10,전라남도 무안군,58302
11,전라남도 무안군,43877
12,전라남도 무안군,39150
03,전라남도 보성군,25970
04,전라남도 보성군,31112
06,전라남도 보성군,31481
07,전라남도 보성군,25189
09,전라남도 보성군,33386
05,전라남도 보성군,30445
08,전라남도 보성군,28865
01,전라남도 보성군,23518
02,전라남도 보성군,21599
10,전라남도 보성군,35419
11,전라남도 보성군,22814
12,전라남도 보성군,22051
03,전라남도 순천시,148232
04,전라남도 순천시,269383
06,전라남도 순천시,176641
07,전라남도 순천시,150920
09,전라남도 순천시,200273
05,전라남도 순천시,230367
08,전라남도 순천시,171756
01,전라남도 순천시,118944
02,전라남도 순천시,116697
10,전라남도 순천시,296303
11,전라남도 순천시,166146
12,전라남도 순천시,137824
03,전라남도 신안군,15940
04,전라남도 신안군,19809
06,전라남도 신안군,21653
07,전라남도 신안군,18536
09,전라남도 신안군,25399
05,전라남도 신안군,18049
08,전라남도 신안군,25808
01,전라남도 신안군,14499
02,전라남도 신안군,14597
10,전라남도 신안군,26480
11,전라남도 신안군,13134
12,전라남도 신안군,13415
03,전라남도 여수시,249126
04,전라남도 여수시,278030
06,전라남도 여수시,282577
07,전라남도 여수시,336112
09,전라남도 여수시,311741
05,전라남도 여수시,297096
08,전라남도 여수시,449692
01,전라남도 여수시,256547
02,전라남도 여수시,279062
10,전라남도 여수시,341476
11,전라남도 여수시,245176
12,전라남도 여수시,302347
03,전라남도 영광군,28420
04,전라남도 영광군,32056
06,전라남도 영광군,27705
07,전라남도 영광군,26728
09,전라남도 영광군,71269
05,전라남도 영광군,28117
08,전라남도 영광군,34076
01,전라남도 영광군,25544
02,전라남도 영광군,23665
10,전라남도 영광군,46859
11,전라남도 영광군,27273
12,전라남도 영광군,21340
03,전라남도 영암군,24025
04,전라남도 영암군,31122
06,전라남도 영암군,22446
07,전라남도 영암군,25033
09,전라남도 영암군,29549
05,전라남도 영암군,22573
08,전라남도 영암군,31478
01,전라남도 영암군,15987
02,전라남도 영암군,12866
10,전라남도 영암군,32417
11,전라남도 영암군,29205
12,전라남도 영암군,16698
03,전라남도 완도군,25761
04,전라남도 완도군,30922
06,전라남도 완도군,25011
07,전라남도 완도군,28876
09,전라남도 완도군,34817
05,전라남도 완도군,31804
08,전라남도 완도군,38906
01,전라남도 완도군,22816
02,전라남도 완도군,21500
10,전라남도 완도군,31714
11,전라남도 완도군,19855
12,전라남도 완도군,21376
03,전라남도 장성군,29534
04,전라남도 장성군,30859
06,전라남도 장성군,36117
07,전라남도 장성군,32165
09,전라남도 장성군,39160
05,전라남도 장성군,36802
08,전라남도 장성군,37804
01,전라남도 장성군,20363
02,전라남도 장성군,23227
10,전라남도 장성군,74403
11,전라남도 장성군,47822
12,전라남도 장성군,25918
03,전라남도 장흥군,12575
04,전라남도 장흥군,16239
06,전라남도 장흥군,14114
07,전라남도 장흥군,16683
09,전라남도 장흥군,18173
05,전라남도 장흥군,14773
08,전라남도 장흥군,19921
01,전라남도 장흥군,12920
02,전라남도 장흥군,10363
10,전라남도 장흥군,19148
11,전라남도 장흥군,13464
12,전라남도 장흥군,12569
03,전라남도 진도군,25795
04,전라남도 진도군,32617
06,전라남도 진도군,31076
07,전라남도 진도군,33797
09,전라남도 진도군,36826
05,전라남도 진도군,32300
08,전라남도 진도군,41973
01,전라남도 진도군,27823
02,전라남도 진도군,28471
10,전라남도 진도군,35472
11,전라남도 진도군,24780
12,전라남도 진도군,25175
03,전라남도 함평군,16538
04,전라남도 함평군,18649
06,전라남도 함평군,19279
07,전라남도 함평군,15368
09,전라남도 함평군,28321
05,전라남도 함평군,22708
08,전라남도 함평군,19567
01,전라남도 함평군,11304
02,전라남도 함평군,12661
10,전라남도 함평군,35303
11,전라남도 함평군,22901
12,전라남도 함평군,13497
03,전라남도 해남군,30905
04,전라남도 해남군,31107
06,전라남도 해남군,34702
07,전라남도 해남군,31107
09,전라남도 해남군,41217
05,전라남도 해남군,34701
08,전라남도 해남군,41889
01,전라남도 해남군,25741
02,전라남도 해남군,23986
10,전라남도 해남군,39631
11,전라남도 해남군,30740
12,전라남도 해남군,25121
03,전라남도 화순군,43730
04,전라남도 화순군,56357
06,전라남도 화순군,42559
07,전라남도 화순군,44606
09,전라남도 화순군,43616
05,전라남도 화순군,46048
08,전라남도 화순군,51788
01,전라남도 화순군,27776
02,전라남도 화순군,31665
10,전라남도 화순군,65267
11,전라남도 화순군,43070
12,전라남도 화순군,31369
03,경상북도 경산시,93685
04,경상북도 경산시,92019
06,경상북도 경산시,98913
07,경상북도 경산시,103095
09,경상북도 경산시,105306
05,경상북도 경산시,98426
08,경상북도 경산시,110774
01,경상북도 경산시,77228
02,경상북도 경산시,77324
10,경상북도 경산시,108496
11,경상북도 경산시,94786
12,경상북도 경산시,98900
03,경상북도 경주시,485078
04,경상북도 경주시,538829
06,경상북도 경주시,464619
07,경상북도 경주시,495321
09,경상북도 경주시,490582
05,경상북도 경주시,495333
08,경상북도 경주시,647167
01,경상북도 경주시,389778
02,경상북도 경주시,439369
10,경상북도 경주시,628220
11,경상북도 경주시,486880
12,경상북도 경주시,414502
03,경상북도 고령군,14664
04,경상북도 고령군,17119
06,경상북도 고령군,14505
07,경상북도 고령군,11857
09,경상북도 고령군,16764
05,경상북도 고령군,15420
08,경상북도 고령군,12095
01,경상북도 고령군,8043
02,경상북도 고령군,10854
10,경상북도 고령군,24313
11,경상북도 고령군,18774
12,경상북도 고령군,10607
03,경상북도 구미시,154638
04,경상북도 구미시,148555
06,경상북도 구미시,148716
07,경상북도 구미시,150953
09,경상북도 구미시,164640
05,경상북도 구미시,149384
08,경상북도 구미시,156089
01,경상북도 구미시,127254
02,경상북도 구미시,127237
10,경상북도 구미시,171531
11,경상북도 구미시,152740
12,경상북도 구미시,160625
03,경상북도 김천시,76232
04,경상북도 김천시,70192
06,경상북도 김천시,66356
07,경상북도 김천시,64975
09,경상북도 김천시,72379
05,경상북도 김천시,70828
08,경상북도 김천시,66849
01,경상북도 김천시,51430
02,경상북도 김천시,51384
10,경상북도 김천시,74443
11,경상북도 김천시,60927
12,경상북도 김천시,56892
03,경상북도 문경시,45034
04,경상북도 문경시,57147
06,경상북도 문경시,60422
07,경상북도 문경시,53545
09,경상북도 문경시,74014
05,경상북도 문경시,65144
08,경상북도 문경시,68443
01,경상북도 문경시,35157
02,경상북도 문경시,39724
10,경상북도 문경시,101540
11,경상북도 문경시,52967
12,경상북도 문경시,37901
03,경상북도 봉화군,7169
04,경상북도 봉화군,10030
06,경상북도 봉화군,10724
07,경상북도 봉화군,10533
09,경상북도 봉화군,17564
05,경상북도 봉화군,11821
08,경상북도 봉화군,15121
01,경상북도 봉화군,7845
02,경상북도 봉화군,6302
10,경상북도 봉화군,19496
11,경상북도 봉화군,9670
12,경상북도 봉화군,10762
03,경상북도 상주시,31127
04,경상북도 상주시,36436
06,경상북도 상주시,36159
07,경상북도 상주시,35692
09,경상북도 상주시,46127
05,경상북도 상주시,37485
08,경상북도 상주시,40474
01,경상북도 상주시,26485
02,경상북도 상주시,23503
10,경상북도 상주시,45731
11,경상북도 상주시,31861
12,경상북도 상주시,26581
03,경상북도 성주군,13591
04,경상북도 성주군,12630
06,경상북도 성주군,14282
07,경상북도 성주군,18136
09,경상북도 성주군,16522
05,경상북도 성주군,16171
08,경상북도 성주군,25417
01,경상북도 성주군,8152
02,경상북도 성주군,9205
10,경상북도 성주군,17211
11,경상북도 성주군,10621
12,경상북도 성주군,11684
03,경상북도 안동시,71804
04,경상북도 안동시,90564
06,경상북도 안동시,86145
07,경상북도 안동시,77855
09,경상북도 안동시,123289
05,경상북도 안동시,92079
08,경상북도 안동시,104129
01,경상북도 안동시,67731
02,경상북도 안동시,66403
10,경상북도 안동시,158735
11,경상북도 안동시,99826
12,경상북도 안동시,81243
03,경상북도 영덕군,42898
04,경상북도 영덕군,27236
06,경상북도 영덕군,37336
07,경상북도 영덕군,47493
09,경상북도 영덕군,59734
05,경상북도 영덕군,30417
08,경상북도 영덕군,69226
01,경상북도 영덕군,57369
02,경상북도 영덕군,66784
10,경상북도 영덕군,61641
11,경상북도 영덕군,39642
12,경상북도 영덕군,58084
03,경상북도 영양군,1124
04,경상북도 영양군,1666
06,경상북도 영양군,2246
07,경상북도 영양군,2272
09,경상북도 영양군,2704
05,경상북도 영양군,2612
08,경상북도 영양군,3611
01,경상북도 영양군,1076
02,경상북도 영양군,1113
10,경상북도 영양군,2948
11,경상북도 영양군,1779
12,경상북도 영양군,1112
03,경상북도 영주시,33845
04,경상북도 영주시,39791
06,경상북도 영주시,40264
07,경상북도 영주시,37213
09,경상북도 영주시,57975
05,경상북도 영주시,49364
08,경상북도 영주시,46948
01,경상북도 영주시,35088
02,경상북도 영주시,30964
10,경상북도 영주시,74496
11,경상북도 영주시,46777
12,경상북도 영주시,36808
03,경상북도 영천시,45743
04,경상북도 영천시,47868
06,경상북도 영천시,45371
07,경상북도 영천시,43469
09,경상북도 영천시,68849
05,경상북도 영천시,52630
08,경상북도 영천시,49104
01,경상북도 영천시,34132
02,경상북도 영천시,34464
10,경상북도 영천시,71262
11,경상북도 영천시,47327
12,경상북도 영천시,38046
03,경상북도 예천군,17511
04,경상북도 예천군,21580
06,경상북도 예천군,20861
07,경상북도 예천군,18836
09,경상북도 예천군,27711
05,경상북도 예천군,21842
08,경상북도 예천군,20257
01,경상북도 예천군,13806
02,경상북도 예천군,14377
10,경상북도 예천군,26953
11,경상북도 예천군,20445
12,경상북도 예천군,16076
03,경상북도 울릉군,3004
04,경상북도 울릉군,6742
06,경상북도 울릉군,10492
07,경상북도 울릉군,9237
09,경상북도 울릉군,13587
05,경상북도 울릉군,9711
08,경상북도 울릉군,14956
01,경상북도 울릉군,460
02,경상북도 울릉군,897
10,경상북도 울릉군,16634
11,경상북도 울릉군,3645
12,경상북도 울릉군,564
03,경상북도 울진군,51298
04,경상북도 울진군,47304
06,경상북도 울진군,49109
07,경상북도 울진군,58669
09,경상북도 울진군,70707
05,경상북도 울진군,50146
08,경상북도 울진군,93916
01,경상북도 울진군,61067
02,경상북도 울진군,68770
10,경상북도 울진군,72792
11,경상북도 울진군,49013
12,경상북도 울진군,62908
03,경상북도 의성군,13577
04,경상북도 의성군,13586
06,경상북도 의성군,14123
07,경상북도 의성군,13534
09,경상북도 의성군,18495
05,경상북도 의성군,16645
08,경상북도 의성군,14736
01,경상북도 의성군,8477
02,경상북도 의성군,8887
10,경상북도 의성군,17884
11,경상북도 의성군,13814
12,경상북도 의성군,8843
03,경상북도 청도군,60401
04,경상북도 청도군,57072
06,경상북도 청도군,57502
07,경상북도 청도군,60600
09,경상북도 청도군,61271
05,경상북도 청도군,56159
08,경상북도 청도군,72871
01,경상북도 청도군,42736
02,경상북도 청도군,52031
10,경상북도 청도군,79901
11,경상북도 청도군,56101
12,경상북도 청도군,52831
03,경상북도 청송군,9306
04,경상북도 청송군,12717
06,경상북도 청송군,14412
07,경상북도 청송군,15675
09,경상북도 청송군,18197
05,경상북도 청송군,13348
08,경상북도 청송군,19559
01,경상북도 청송군,18454
02,경상북도 청송군,14507
10,경상북도 청송군,35653
11,경상북도 청송군,29072
12,경상북도 청송군,16478
03,경상북도 칠곡군,59109
04,경상북도 칠곡군,56906
06,경상북도 칠곡군,60513
07,경상북도 칠곡군,63907
09,경상북도 칠곡군,67928
05,경상북도 칠곡군,60817
08,경상북도 칠곡군,66206
01,경상북도 칠곡군,49013
02,경상북도 칠곡군,49246
10,경상북도 칠곡군,86840
11,경상북도 칠곡군,57638
12,경상북도 칠곡군,54928
03,경상북도 포항시 남구,121785
04,경상북도 포항시 남구,116476
06,경상북도 포항시 남구,121142
07,경상북도 포항시 남구,133673
09,경상북도 포항시 남구,136868
05,경상북도 포항시 남구,124965
08,경상북도 포항시 남구,146832
01,경상북도 포항시 남구,120773
02,경상북도 포항시 남구,120697
10,경상북도 포항시 남구,138508
11,경상북도 포항시 남구,120354
12,경상북도 포항시 남구,142092
03,경상북도 포항시 북구,186151
04,경상북도 포항시 북구,173447
06,경상북도 포항시 북구,189936
07,경상북도 포항시 북구,198093
09,경상북도 포항시 북구,209661
05,경상북도 포항시 북구,187646
08,경상북도 포항시 북구,240781
01,경상북도 포항시 북구,196416
02,경상북도 포항시 북구,194756
10,경상북도 포항시 북구,221437
11,경상북도 포항시 북구,172240
12,경상북도 포항시 북구,203822
03,경상남도 거제시,162491
04,경상남도 거제시,176275
06,경상남도 거제시,198176
07,경상남도 거제시,209746
09,경상남도 거제시,197584
05,경상남도 거제시,180100
08,경상남도 거제시,267059
01,경상남도 거제시,171049
02,경상남도 거제시,170425
10,경상남도 거제시,212810
11,경상남도 거제시,145458
12,경상남도 거제시,178048
03,경상남도 거창군,17285
04,경상남도 거창군,22190
06,경상남도 거창군,22131
07,경상남도 거창군,24401
09,경상남도 거창군,34578
05,경상남도 거창군,23703
08,경상남도 거창군,34823
01,경상남도 거창군,18902
02,경상남도 거창군,15355
10,경상남도 거창군,59979
11,경상남도 거창군,26077
12,경상남도 거창군,18223
03,경상남도 고성군,25936
04,경상남도 고성군,27724
06,경상남도 고성군,37251
07,경상남도 고성군,32748
09,경상남도 고성군,39717
05,경상남도 고성군,29210
08,경상남도 고성군,35796
01,경상남도 고성군,22166
02,경상남도 고성군,20618
10,경상남도 고성군,56529
11,경상남도 고성군,25885
12,경상남도 고성군,23396
03,경상남도 김해시,252365
04,경상남도 김해시,256563
06,경상남도 김해시,259965
07,경상남도 김해시,279135
09,경상남도 김해시,266779
05,경상남도 김해시,263602
08,경상남도 김해시,294305
01,경상남도 김해시,221763
02,경상남도 김해시,220944
10,경상남도 김해시,292909
11,경상남도 김해시,245077
12,경상남도 김해시,273533
03,경상남도 남해군,67641
04,경상남도 남해군,85990
06,경상남도 남해군,75895
07,경상남도 남해군,76976
09,경상남도 남해군,75940
05,경상남도 남해군,82537
08,경상남도 남해군,111303
01,경상남도 남해군,56832
02,경상남도 남해군,60855
10,경상남도 남해군,87998
11,경상남도 남해군,47154
12,경상남도 남해군,59345
03,경상남도 밀양시,73127
04,경상남도 밀양시,81742
06,경상남도 밀양시,75561
07,경상남도 밀양시,77909
09,경상남도 밀양시,80075
05,경상남도 밀양시,82020
08,경상남도 밀양시,102498
01,경상남도 밀양시,55326
02,경상남도 밀양시,54406
10,경상남도 밀양시,105469
11,경상남도 밀양시,88241
12,경상남도 밀양시,62717
03,경상남도 사천시,80109
04,경상남도 사천시,87137
06,경상남도 사천시,78746
07,경상남도 사천시,84773
09,경상남도 사천시,93026
05,경상남도 사천시,81961
08,경상남도 사천시,106339
01,경상남도 사천시,69079
02,경상남도 사천시,67912
10,경상남도 사천시,97267
11,경상남도 사천시,76750
12,경상남도 사천시,81747
03,경상남도 산청군,17050
04,경상남도 산청군,28763
06,경상남도 산청군,28836
07,경상남도 산청군,34987
09,경상남도 산청군,39529
05,경상남도 산청군,29727
08,경상남도 산청군,51547
01,경상남도 산청군,12699
02,경상남도 산청군,12950
10,경상남도 산청군,49915
11,경상남도 산청군,21905
12,경상남도 산청군,13615
03,경상남도 양산시,206809
04,경상남도 양산시,173975
06,경상남도 양산시,181433
07,경상남도 양산시,193289
09,경상남도 양산시,198390
05,경상남도 양산시,186828
08,경상남도 양산시,217528
01,경상남도 양산시,165308
02,경상남도 양산시,167456
10,경상남도 양산시,230859
11,경상남도 양산시,190773
12,경상남도 양산시,190151
03,경상남도 의령군,12225
04,경상남도 의령군,14639
06,경상남도 의령군,12887
07,경상남도 의령군,12145
09,경상남도 의령군,19067
05,경상남도 의령군,14841
08,경상남도 의령군,15448
01,경상남도 의령군,8779
02,경상남도 의령군,10354
10,경상남도 의령군,31001
11,경상남도 의령군,14692
12,경상남도 의령군,12144
03,경상남도 진주시,122956
04,경상남도 진주시,125765
06,경상남도 진주시,127331
07,경상남도 진주시,129247
09,경상남도 진주시,132257
05,경상남도 진주시,136710
08,경상남도 진주시,134206
01,경상남도 진주시,113199
02,경상남도 진주시,110783
10,경상남도 진주시,178575
11,경상남도 진주시,120649
12,경상남도 진주시,131183
03,경상남도 창녕군,32447
04,경상남도 창녕군,47404
06,경상남도 창녕군,26209
07,경상남도 창녕군,24895
09,경상남도 창녕군,31985
05,경상남도 창녕군,32085
08,경상남도 창녕군,29560
01,경상남도 창녕군,28982
02,경상남도 창녕군,25898
10,경상남도 창녕군,39220
11,경상남도 창녕군,30053
12,경상남도 창녕군,28526
03,경상남도 창원시 마산합포구,83601
04,경상남도 창원시 마산합포구,82793
06,경상남도 창원시 마산합포구,80718
07,경상남도 창원시 마산합포구,84646
09,경상남도 창원시 마산합포구,98726
05,경상남도 창원시 마산합포구,85693
08,경상남도 창원시 마산합포구,97660
01,경상남도 창원시 마산합포구,73922
02,경상남도 창원시 마산합포구,68136
10,경상남도 창원시 마산합포구,119567
11,경상남도 창원시 마산합포구,91425
12,경상남도 창원시 마산합포구,98357
03,경상남도 창원시 성산구,140734
04,경상남도 창원시 성산구,135025
06,경상남도 창원시 성산구,138415
07,경상남도 창원시 성산구,142130
09,경상남도 창원시 성산구,144065
05,경상남도 창원시 성산구,144495
08,경상남도 창원시 성산구,137553
01,경상남도 창원시 성산구,124395
02,경상남도 창원시 성산구,122033
10,경상남도 창원시 성산구,146175
11,경상남도 창원시 성산구,141945
12,경상남도 창원시 성산구,163644
03,경상남도 창원시 의창구,103120
04,경상남도 창원시 의창구,101090
06,경상남도 창원시 의창구,99504
07,경상남도 창원시 의창구,101042
09,경상남도 창원시 의창구,108741
05,경상남도 창원시 의창구,105380
08,경상남도 창원시 의창구,103965
01,경상남도 창원시 의창구,97127
02,경상남도 창원시 의창구,90367
10,경상남도 창원시 의창구,125464
11,경상남도 창원시 의창구,107327
12,경상남도 창원시 의창구,119066
03,경상남도 창원시 진해구,147371
04,경상남도 창원시 진해구,98160
06,경상남도 창원시 진해구,84986
07,경상남도 창원시 진해구,84414
09,경상남도 창원시 진해구,87327
05,경상남도 창원시 진해구,85050
08,경상남도 창원시 진해구,84879
01,경상남도 창원시 진해구,72903
02,경상남도 창원시 진해구,69964
10,경상남도 창원시 진해구,90332
11,경상남도 창원시 진해구,83301
12,경상남도 창원시 진해구,94165
03,경상남도 통영시,96727
04,경상남도 통영시,107570
06,경상남도 통영시,111154
07,경상남도 통영시,115281
09,경상남도 통영시,110403
05,경상남도 통영시,110053
08,경상남도 통영시,155013
01,경상남도 통영시,104061
02,경상남도 통영시,110036
10,경상남도 통영시,131868
11,경상남도 통영시,91965
12,경상남도 통영시,112314
03,경상남도 하동군,97628
04,경상남도 하동군,57499
06,경상남도 하동군,39465
07,경상남도 하동군,34753
09,경상남도 하동군,43283
05,경상남도 하동군,51879
08,경상남도 하동군,54982
01,경상남도 하동군,21596
02,경상남도 하동군,24509
10,경상남도 하동군,66307
11,경상남도 하동군,38907
12,경상남도 하동군,22249
03,경상남도 함안군,19137
04,경상남도 함안군,21299
06,경상남도 함안군,21945
07,경상남도 함안군,23214
09,경상남도 함안군,26616
05,경상남도 함안군,49463
08,경상남도 함안군,21226
01,경상남도 함안군,14859
02,경상남도 함안군,15573
10,경상남도 함안군,44877
11,경상남도 함안군,24872
12,경상남도 함안군,16647
03,경상남도 함양군,9984
04,경상남도 함양군,13645
06,경상남도 함양군,17151
07,경상남도 함양군,18872
09,경상남도 함양군,23758
05,경상남도 함양군,17563
08,경상남도 함양군,27749
01,경상남도 함양군,10120
02,경상남도 함양군,7005
10,경상남도 함양군,25547
11,경상남도 함양군,15984
12,경상남도 함양군,9031
03,경상남도 합천군,24380
04,경상남도 합천군,32689
06,경상남도 합천군,23983
07,경상남도 합천군,24949
09,경상남도 합천군,32616
05,경상남도 합천군,33845
08,경상남도 합천군,27529
01,경상남도 합천군,17678
02,경상남도 합천군,18381
10,경상남도 합천군,70067
11,경상남도 합천군,26077
12,경상남도 합천군,17126
03,제주특별자치도 서귀포시,553099
04,제주특별자치도 서귀포시,522994
06,제주특별자치도 서귀포시,521169
07,제주특별자치도 서귀포시,499218
09,제주특별자치도 서귀포시,500164
05,제주특별자치도 서귀포시,517204
08,제주특별자치도 서귀포시,637407
01,제주특별자치도 서귀포시,538449
02,제주특별자치도 서귀포시,570317
10,제주특별자치도 서귀포시,539243
11,제주특별자치도 서귀포시,431032
12,제주특별자치도 서귀포시,471018
03,제주특별자치도 제주시,716666
04,제주특별자치도 제주시,679116
06,제주특별자치도 제주시,729109
07,제주특별자치도 제주시,744992
09,제주특별자치도 제주시,749938
05,제주특별자치도 제주시,703136
08,제주특별자치도 제주시,947574
01,제주특별자치도 제주시,690755
02,제주특별자치도 제주시,712143
10,제주특별자치도 제주시,787850
11,제주특별자치도 제주시,637167
12,제주특별자치도 제주시,622337
03,부산광역시 강서구,230318
04,부산광역시 강서구,215404
06,부산광역시 강서구,223583
07,부산광역시 강서구,225556
09,부산광역시 강서구,230061
05,부산광역시 강서구,220572
08,부산광역시 강서구,233827
01,부산광역시 강서구,215992
02,부산광역시 강서구,205856
10,부산광역시 강서구,255190
11,부산광역시 강서구,220960
12,부산광역시 강서구,246502
03,부산광역시 금정구,82795
04,부산광역시 금정구,86395
06,부산광역시 금정구,82387
07,부산광역시 금정구,82503
09,부산광역시 금정구,90832
05,부산광역시 금정구,91137
08,부산광역시 금정구,85772
01,부산광역시 금정구,77710
02,부산광역시 금정구,70375
10,부산광역시 금정구,97307
11,부산광역시 금정구,87992
12,부산광역시 금정구,84463
03,부산광역시 기장군,347350
04,부산광역시 기장군,342535
06,부산광역시 기장군,345380
07,부산광역시 기장군,357037
09,부산광역시 기장군,391107
05,부산광역시 기장군,365020
08,부산광역시 기장군,408383
01,부산광역시 기장군,348366
02,부산광역시 기장군,338140
10,부산광역시 기장군,435136
11,부산광역시 기장군,344427
12,부산광역시 기장군,427355
03,부산광역시 남구,91410
04,부산광역시 남구,75340
06,부산광역시 남구,76975
07,부산광역시 남구,76051
09,부산광역시 남구,90173
05,부산광역시 남구,76613
08,부산광역시 남구,87394
01,부산광역시 남구,80375
02,부산광역시 남구,77310
10,부산광역시 남구,95537
11,부산광역시 남구,88999
12,부산광역시 남구,92656
03,부산광역시 동구,67718
04,부산광역시 동구,68996
06,부산광역시 동구,71042
07,부산광역시 동구,78134
09,부산광역시 동구,76289
05,부산광역시 동구,74720
08,부산광역시 동구,81458
01,부산광역시 동구,64116
02,부산광역시 동구,65624
10,부산광역시 동구,78095
11,부산광역시 동구,75532
12,부산광역시 동구,82060
03,부산광역시 동래구,88789
04,부산광역시 동래구,94002
06,부산광역시 동래구,96268
07,부산광역시 동래구,102861
09,부산광역시 동래구,95470
05,부산광역시 동래구,101842
08,부산광역시 동래구,108230
01,부산광역시 동래구,90190
02,부산광역시 동래구,80913
10,부산광역시 동래구,92130
11,부산광역시 동래구,85460
12,부산광역시 동래구,103728
03,부산광역시 부산진구,146789
04,부산광역시 부산진구,149896
06,부산광역시 부산진구,151430
07,부산광역시 부산진구,167361
09,부산광역시 부산진구,160317
05,부산광역시 부산진구,172466
08,부산광역시 부산진구,168904
01,부산광역시 부산진구,148451
02,부산광역시 부산진구,138351
10,부산광역시 부산진구,157449
11,부산광역시 부산진구,149943
12,부산광역시 부산진구,177382
03,부산광역시 북구,50574
04,부산광역시 북구,52393
06,부산광역시 북구,51966
07,부산광역시 북구,54320
09,부산광역시 북구,54707
05,부산광역시 북구,56105
08,부산광역시 북구,56690
01,부산광역시 북구,48201
02,부산광역시 북구,46614
10,부산광역시 북구,59592
11,부산광역시 북구,51369
12,부산광역시 북구,58525
03,부산광역시 사상구,83972
04,부산광역시 사상구,75378
06,부산광역시 사상구,75543
07,부산광역시 사상구,77705
09,부산광역시 사상구,87719
05,부산광역시 사상구,79424
08,부산광역시 사상구,81077
01,부산광역시 사상구,74870
02,부산광역시 사상구,69920
10,부산광역시 사상구,92322
11,부산광역시 사상구,81469
12,부산광역시 사상구,88301
03,부산광역시 사하구,61829
04,부산광역시 사하구,58962
06,부산광역시 사하구,67627
07,부산광역시 사하구,70564
09,부산광역시 사하구,76148
05,부산광역시 사하구,65041
08,부산광역시 사하구,81532
01,부산광역시 사하구,62716
02,부산광역시 사하구,58461
10,부산광역시 사하구,76578
11,부산광역시 사하구,62556
12,부산광역시 사하구,72737
03,부산광역시 서구,31731
04,부산광역시 서구,26651
06,부산광역시 서구,28964
07,부산광역시 서구,29107
09,부산광역시 서구,39561
05,부산광역시 서구,28792
08,부산광역시 서구,36695
01,부산광역시 서구,33678
02,부산광역시 서구,34119
10,부산광역시 서구,41342
11,부산광역시 서구,33436
12,부산광역시 서구,38208
03,부산광역시 수영구,109537
04,부산광역시 수영구,111146
06,부산광역시 수영구,116247
07,부산광역시 수영구,133321
09,부산광역시 수영구,124881
05,부산광역시 수영구,121145
08,부산광역시 수영구,149766
01,부산광역시 수영구,115854
02,부산광역시 수영구,110035
10,부산광역시 수영구,119978
11,부산광역시 수영구,105563
12,부산광역시 수영구,133939
03,부산광역시 연제구,35563
04,부산광역시 연제구,35844
06,부산광역시 연제구,36651
07,부산광역시 연제구,42424
09,부산광역시 연제구,40457
05,부산광역시 연제구,39105
08,부산광역시 연제구,44521
01,부산광역시 연제구,36273
02,부산광역시 연제구,32818
10,부산광역시 연제구,36123
11,부산광역시 연제구,37567
12,부산광역시 연제구,47401
03,부산광역시 영도구,35563
04,부산광역시 영도구,35844
06,부산광역시 영도구,36651
07,부산광역시 영도구,42424
09,부산광역시 영도구,40457
05,부산광역시 영도구,39105
08,부산광역시 영도구,44521
01,부산광역시 영도구,36273
02,부산광역시 영도구,32818
10,부산광역시 영도구,36123
11,부산광역시 영도구,37567
12,부산광역시 영도구,47401
03,부산광역시 중구,64635
04,부산광역시 중구,74837
06,부산광역시 중구,71558
07,부산광역시 중구,77257
09,부산광역시 중구,74938
05,부산광역시 중구,77956
08,부산광역시 중구,88473
01,부산광역시 중구,72185
02,부산광역시 중구,69523
10,부산광역시 중구,79897
11,부산광역시 중구,72438
12,부산광역시 중구,100502
03,부산광역시 해운대구,376372
04,부산광역시 해운대구,407022
06,부산광역시 해운대구,436326
07,부산광역시 해운대구,481090
09,부산광역시 해운대구,419033
05,부산광역시 해운대구,444902
08,부산광역시 해운대구,510490
01,부산광역시 해운대구,407593
02,부산광역시 해운대구,413568
10,부산광역시 해운대구,416687
11,부산광역시 해운대구,374407
12,부산광역시 해운대구,482936
03,대구광역시 군위군,27953
04,대구광역시 군위군,29945
06,대구광역시 군위군,30985
07,대구광역시 군위군,29571
09,대구광역시 군위군,36797
05,대구광역시 군위군,30841
08,대구광역시 군위군,31707
01,대구광역시 군위군,18260
02,대구광역시 군위군,21589
10,대구광역시 군위군,43478
11,대구광역시 군위군,29469
12,대구광역시 군위군,20348
03,대구광역시 남구,63530
04,대구광역시 남구,55698
06,대구광역시 남구,53711
07,대구광역시 남구,55657
09,대구광역시 남구,64590
05,대구광역시 남구,55635
08,대구광역시 남구,57828
01,대구광역시 남구,57144
02,대구광역시 남구,54419
10,대구광역시 남구,65347
11,대구광역시 남구,57480
12,대구광역시 남구,70241
03,대구광역시 달서구,166008
04,대구광역시 달서구,161382
06,대구광역시 달서구,155594
07,대구광역시 달서구,166216
09,대구광역시 달서구,169273
05,대구광역시 달서구,170742
08,대구광역시 달서구,165677
01,대구광역시 달서구,142878
02,대구광역시 달서구,144277
10,대구광역시 달서구,174417
11,대구광역시 달서구,155981
12,대구광역시 달서구,182836
03,대구광역시 달성군,117540
04,대구광역시 달성군,123528
06,대구광역시 달성군,108883
07,대구광역시 달성군,118128
09,대구광역시 달성군,108401
05,대구광역시 달성군,112252
08,대구광역시 달성군,117021
01,대구광역시 달성군,87783
02,대구광역시 달성군,85691
10,대구광역시 달성군,121753
11,대구광역시 달성군,91133
12,대구광역시 달성군,98089
03,대구광역시 동구,274935
04,대구광역시 동구,278538
06,대구광역시 동구,274321
07,대구광역시 동구,289662
09,대구광역시 동구,287247
05,대구광역시 동구,292657
08,대구광역시 동구,287456
01,대구광역시 동구,258996
02,대구광역시 동구,246188
10,대구광역시 동구,308245
11,대구광역시 동구,289418
12,대구광역시 동구,300145
03,대구광역시 북구,134770
04,대구광역시 북구,136859
06,대구광역시 북구,148398
07,대구광역시 북구,143054
09,대구광역시 북구,156127
05,대구광역시 북구,145530
08,대구광역시 북구,153924
01,대구광역시 북구,128814
02,대구광역시 북구,121562
10,대구광역시 북구,174471
11,대구광역시 북구,154749
12,대구광역시 북구,180837
03,대구광역시 서구,48538
04,대구광역시 서구,38843
06,대구광역시 서구,39646
07,대구광역시 서구,40457
09,대구광역시 서구,43609
05,대구광역시 서구,44582
08,대구광역시 서구,42061
01,대구광역시 서구,43538
02,대구광역시 서구,38850
10,대구광역시 서구,36070
11,대구광역시 서구,41577
12,대구광역시 서구,41827
03,대구광역시 수성구,201954
04,대구광역시 수성구,203275
06,대구광역시 수성구,208311
07,대구광역시 수성구,216314
09,대구광역시 수성구,225676
05,대구광역시 수성구,219737
08,대구광역시 수성구,222905
01,대구광역시 수성구,191788
02,대구광역시 수성구,186911
10,대구광역시 수성구,209099
11,대구광역시 수성구,202738
12,대구광역시 수성구,250231
03,대구광역시 중구,123205
04,대구광역시 중구,122399
06,대구광역시 중구,119691
07,대구광역시 중구,125159
09,대구광역시 중구,124209
05,대구광역시 중구,129173
08,대구광역시 중구,127579
01,대구광역시 중구,121477
02,대구광역시 중구,121118
10,대구광역시 중구,127534
11,대구광역시 중구,121723
12,대구광역시 중구,145124
03,광주광역시 광산구,165204
04,광주광역시 광산구,168118
06,광주광역시 광산구,181760
07,광주광역시 광산구,187012
09,광주광역시 광산구,181060
05,광주광역시 광산구,178078
08,광주광역시 광산구,190000
01,광주광역시 광산구,150798
02,광주광역시 광산구,154131
10,광주광역시 광산구,182154
11,광주광역시 광산구,172243
12,광주광역시 광산구,190903
03,광주광역시 남구,43627
04,광주광역시 남구,42538
06,광주광역시 남구,43754
07,광주광역시 남구,45914
09,광주광역시 남구,46903
05,광주광역시 남구,45711
08,광주광역시 남구,46848
01,광주광역시 남구,40326
02,광주광역시 남구,41556
10,광주광역시 남구,48772
11,광주광역시 남구,46612
12,광주광역시 남구,50041
03,광주광역시 동구,63122
04,광주광역시 동구,62733
06,광주광역시 동구,67244
07,광주광역시 동구,72632
09,광주광역시 동구,71050
05,광주광역시 동구,72302
08,광주광역시 동구,73113
01,광주광역시 동구,59494
02,광주광역시 동구,58937
10,광주광역시 동구,72082
11,광주광역시 동구,66020
12,광주광역시 동구,75350
03,광주광역시 북구,109330
04,광주광역시 북구,113502
06,광주광역시 북구,115025
07,광주광역시 북구,118595
09,광주광역시 북구,125302
05,광주광역시 북구,121699
08,광주광역시 북구,128023
01,광주광역시 북구,95861
02,광주광역시 북구,95432
10,광주광역시 북구,120514
11,광주광역시 북구,104422
12,광주광역시 북구,112064
03,광주광역시 서구,198501
04,광주광역시 서구,198032
06,광주광역시 서구,200537
07,광주광역시 서구,210238
09,광주광역시 서구,214888
05,광주광역시 서구,213022
08,광주광역시 서구,211760
01,광주광역시 서구,184385
02,광주광역시 서구,179336
10,광주광역시 서구,213914
11,광주광역시 서구,209719
12,광주광역시 서구,231065
03,대전광역시 대덕구,63784
04,대전광역시 대덕구,54757
06,대전광역시 대덕구,54849
07,대전광역시 대덕구,52813
09,대전광역시 대덕구,72205
05,대전광역시 대덕구,54571
08,대전광역시 대덕구,59645
01,대전광역시 대덕구,52166
02,대전광역시 대덕구,52078
10,대전광역시 대덕구,76949
11,대전광역시 대덕구,63227
12,대전광역시 대덕구,61430
03,대전광역시 동구,140654
04,대전광역시 동구,146759
06,대전광역시 동구,139398
07,대전광역시 동구,140658
09,대전광역시 동구,150195
05,대전광역시 동구,145826
08,대전광역시 동구,146300
01,대전광역시 동구,125887
02,대전광역시 동구,125533
10,대전광역시 동구,152909
11,대전광역시 동구,140458
12,대전광역시 동구,140882
03,대전광역시 서구,192583
04,대전광역시 서구,193845
06,대전광역시 서구,201467
07,대전광역시 서구,208611
09,대전광역시 서구,206614
05,대전광역시 서구,207466
08,대전광역시 서구,214211
01,대전광역시 서구,184214
02,대전광역시 서구,182268
10,대전광역시 서구,211081
11,대전광역시 서구,207346
12,대전광역시 서구,228969
03,대전광역시 유성구,330634
04,대전광역시 유성구,351694
06,대전광역시 유성구,381014
07,대전광역시 유성구,389896
09,대전광역시 유성구,378605
05,대전광역시 유성구,360596
08,대전광역시 유성구,390595
01,대전광역시 유성구,305182
02,대전광역시 유성구,312944
10,대전광역시 유성구,391521
11,대전광역시 유성구,377497
12,대전광역시 유성구,422865
03,대전광역시 중구,112091
04,대전광역시 중구,120890
06,대전광역시 중구,118785
07,대전광역시 중구,116198
09,대전광역시 중구,122511
05,대전광역시 중구,122211
08,대전광역시 중구,127467
01,대전광역시 중구,98637
02,대전광역시 중구,105101
10,대전광역시 중구,134440
11,대전광역시 중구,102292
12,대전광역시 중구,115622
03,울산광역시 남구,168039
04,울산광역시 남구,169105
06,울산광역시 남구,176149
07,울산광역시 남구,180032
09,울산광역시 남구,176723
05,울산광역시 남구,199289
08,울산광역시 남구,180068
01,울산광역시 남구,158316
02,울산광역시 남구,154585
10,울산광역시 남구,177219
11,울산광역시 남구,169844
12,울산광역시 남구,196947
03,울산광역시 동구,49988
04,울산광역시 동구,44138
06,울산광역시 동구,48824
07,울산광역시 동구,46153
09,울산광역시 동구,55353
05,울산광역시 동구,48500
08,울산광역시 동구,55171
01,울산광역시 동구,41761
02,울산광역시 동구,44721
10,울산광역시 동구,57606
11,울산광역시 동구,44362
12,울산광역시 동구,48889
03,울산광역시 북구,85609
04,울산광역시 북구,76504
06,울산광역시 북구,80889
07,울산광역시 북구,86180
09,울산광역시 북구,93052
05,울산광역시 북구,83419
08,울산광역시 북구,92851
01,울산광역시 북구,84056
02,울산광역시 북구,79706
10,울산광역시 북구,95357
11,울산광역시 북구,86486
12,울산광역시 북구,100906
03,울산광역시 울주군,180498
04,울산광역시 울주군,155911
06,울산광역시 울주군,163541
07,울산광역시 울주군,178622
09,울산광역시 울주군,188205
05,울산광역시 울주군,172350
08,울산광역시 울주군,207607
01,울산광역시 울주군,162216
02,울산광역시 울주군,155198
10,울산광역시 울주군,217165
11,울산광역시 울주군,173870
12,울산광역시 울주군,179452
03,울산광역시 중구,50776
04,울산광역시 중구,52672
06,울산광역시 중구,55906
07,울산광역시 중구,56757
09,울산광역시 중구,57433
05,울산광역시 중구,65326
08,울산광역시 중구,57621
01,울산광역시 중구,43463
02,울산광역시 중구,45872
10,울산광역시 중구,66510
11,울산광역시 중구,54532
12,울산광역시 중구,56437
03,세종특별자치시,262229
04,세종특별자치시,233319
06,세종특별자치시,241655
07,세종특별자치시,233418
09,세종특별자치시,275069
05,세종특별자치시,237543
08,세종특별자치시,253190
01,세종특별자치시,215877
02,세종특별자치시,228786
10,세종특별자치시,295384
11,세종특별자치시,241153
12,세종특별자치시,268715
03,강원특별자치도 강릉시,402956
04,강원특별자치도 강릉시,402230
06,강원특별자치도 강릉시,490236
07,강원특별자치도 강릉시,553646
09,강원특별자치도 강릉시,481656
05,강원특별자치도 강릉시,451671
08,강원특별자치도 강릉시,712664
01,강원특별자치도 강릉시,452294
02,강원특별자치도 강릉시,484104
10,강원특별자치도 강릉시,499339
11,강원특별자치도 강릉시,357458
12,강원특별자치도 강릉시,469415
03,강원특별자치도 고성군,113319
04,강원특별자치도 고성군,131215
06,강원특별자치도 고성군,182967
07,강원특별자치도 고성군,227540
09,강원특별자치도 고성군,189707
05,강원특별자치도 고성군,151323
08,강원특별자치도 고성군,292919
01,강원특별자치도 고성군,128424
02,강원특별자치도 고성군,149468
10,강원특별자치도 고성군,208939
11,강원특별자치도 고성군,110982
12,강원특별자치도 고성군,130089
03,강원특별자치도 동해시,57407
04,강원특별자치도 동해시,58968
06,강원특별자치도 동해시,78095
07,강원특별자치도 동해시,72228
09,강원특별자치도 동해시,83422
05,강원특별자치도 동해시,72896
08,강원특별자치도 동해시,128803
01,강원특별자치도 동해시,64643
02,강원특별자치도 동해시,62865
10,강원특별자치도 동해시,85760
11,강원특별자치도 동해시,54306
12,강원특별자치도 동해시,61963
03,강원특별자치도 삼척시,70462
04,강원특별자치도 삼척시,86329
06,강원특별자치도 삼척시,108531
07,강원특별자치도 삼척시,120460
09,강원특별자치도 삼척시,122861
05,강원특별자치도 삼척시,108069
08,강원특별자치도 삼척시,195660
01,강원특별자치도 삼척시,73551
02,강원특별자치도 삼척시,77588
10,강원특별자치도 삼척시,116636
11,강원특별자치도 삼척시,68610
12,강원특별자치도 삼척시,74701
03,강원특별자치도 속초시,322684
04,강원특별자치도 속초시,367930
06,강원특별자치도 속초시,451653
07,강원특별자치도 속초시,476335
09,강원특별자치도 속초시,419399
05,강원특별자치도 속초시,416354
08,강원특별자치도 속초시,710853
01,강원특별자치도 속초시,393337
02,강원특별자치도 속초시,462960
10,강원특별자치도 속초시,488469
11,강원특별자치도 속초시,328551
12,강원특별자치도 속초시,448441
03,강원특별자치도 양구군,8315
04,강원특별자치도 양구군,9959
06,강원특별자치도 양구군,13394
07,강원특별자치도 양구군,12673
09,강원특별자치도 양구군,16248
05,강원특별자치도 양구군,15099
08,강원특별자치도 양구군,17730
01,강원특별자치도 양구군,5592
02,강원특별자치도 양구군,6883
10,강원특별자치도 양구군,17607
11,강원특별자치도 양구군,13116
12,강원특별자치도 양구군,5581
03,강원특별자치도 양양군,132742
04,강원특별자치도 양양군,161721
06,강원특별자치도 양양군,229304
07,강원특별자치도 양양군,296822
09,강원특별자치도 양양군,226317
05,강원특별자치도 양양군,192978
08,강원특별자치도 양양군,393777
01,강원특별자치도 양양군,133503
02,강원특별자치도 양양군,156583
10,강원특별자치도 양양군,239464
11,강원특별자치도 양양군,126792
12,강원특별자치도 양양군,148000
03,강원특별자치도 영월군,25031
04,강원특별자치도 영월군,39740
06,강원특별자치도 영월군,58772
07,강원특별자치도 영월군,69841
09,강원특별자치도 영월군,67350
05,강원특별자치도 영월군,54096
08,강원특별자치도 영월군,103655
01,강원특별자치도 영월군,22211
02,강원특별자치도 영월군,25733
10,강원특별자치도 영월군,81402
11,강원특별자치도 영월군,35393
12,강원특별자치도 영월군,29480
03,강원특별자치도 원주시,227474
04,강원특별자치도 원주시,268264
06,강원특별자치도 원주시,301636
07,강원특별자치도 원주시,297097
09,강원특별자치도 원주시,292689
05,강원특별자치도 원주시,299076
08,강원특별자치도 원주시,330934
01,강원특별자치도 원주시,199254
02,강원특별자치도 원주시,212746
10,강원특별자치도 원주시,346530
11,강원특별자치도 원주시,268926
12,강원특별자치도 원주시,245796
03,강원특별자치도 인제군,21022
04,강원특별자치도 인제군,27700
06,강원특별자치도 인제군,43059
07,강원특별자치도 인제군,56220
09,강원특별자치도 인제군,49500
05,강원특별자치도 인제군,43668
08,강원특별자치도 인제군,74884
01,강원특별자치도 인제군,29924
02,강원특별자치도 인제군,29659
10,강원특별자치도 인제군,83432
11,강원특별자치도 인제군,34083
12,강원특별자치도 인제군,33800
03,강원특별자치도 정선군,73489
04,강원특별자치도 정선군,85300
06,강원특별자치도 정선군,110640
07,강원특별자치도 정선군,140859
09,강원특별자치도 정선군,123111
05,강원특별자치도 정선군,114172
08,강원특별자치도 정선군,187646
01,강원특별자치도 정선군,122096
02,강원특별자치도 정선군,121426
10,강원특별자치도 정선군,134033
11,강원특별자치도 정선군,80887
12,강원특별자치도 정선군,107293
03,강원특별자치도 철원군,40439
04,강원특별자치도 철원군,51066
06,강원특별자치도 철원군,60792
07,강원특별자치도 철원군,55394
09,강원특별자치도 철원군,90548
05,강원특별자치도 철원군,61028
08,강원특별자치도 철원군,69520
01,강원특별자치도 철원군,34211
02,강원특별자치도 철원군,34761
10,강원특별자치도 철원군,134477
11,강원특별자치도 철원군,44708
12,강원특별자치도 철원군,33327
03,강원특별자치도 춘천시,276844
04,강원특별자치도 춘천시,333542
06,강원특별자치도 춘천시,359268
07,강원특별자치도 춘천시,348303
09,강원특별자치도 춘천시,359889
05,강원특별자치도 춘천시,364977
08,강원특별자치도 춘천시,396759
01,강원특별자치도 춘천시,229813
02,강원특별자치도 춘천시,253072
10,강원특별자치도 춘천시,412576
11,강원특별자치도 춘천시,280974
12,강원특별자치도 춘천시,263394
03,강원특별자치도 태백시,14606
04,강원특별자치도 태백시,22250
06,강원특별자치도 태백시,28188
07,강원특별자치도 태백시,39110
09,강원특별자치도 태백시,35709
05,강원특별자치도 태백시,28458
08,강원특별자치도 태백시,62908
01,강원특별자치도 태백시,32726
02,강원특별자치도 태백시,24808
10,강원특별자치도 태백시,37557
11,강원특별자치도 태백시,17441
12,강원특별자치도 태백시,23187
03,강원특별자치도 평창군,92445
04,강원특별자치도 평창군,128606
06,강원특별자치도 평창군,184564
07,강원특별자치도 평창군,230979
09,강원특별자치도 평창군,219934
05,강원특별자치도 평창군,165430
08,강원특별자치도 평창군,300631
01,강원특별자치도 평창군,208928
02,강원특별자치도 평창군,196575
10,강원특별자치도 평창군,256648
11,강원특별자치도 평창군,136420
12,강원특별자치도 평창군,209523
03,강원특별자치도 홍천군,94185
04,강원특별자치도 홍천군,133746
06,강원특별자치도 홍천군,169032
07,강원특별자치도 홍천군,193348
09,강원특별자치도 홍천군,157826
05,강원특별자치도 홍천군,154113
08,강원특별자치도 홍천군,218486
01,강원특별자치도 홍천군,135728
02,강원특별자치도 홍천군,131038
10,강원특별자치도 홍천군,179178
11,강원특별자치도 홍천군,114338
12,강원특별자치도 홍천군,134508
03,강원특별자치도 화천군,8892
04,강원특별자치도 화천군,12445
06,강원특별자치도 화천군,17110
07,강원특별자치도 화천군,18125
09,강원특별자치도 화천군,17862
05,강원특별자치도 화천군,15552
08,강원특별자치도 화천군,23901
01,강원특별자치도 화천군,17916
02,강원특별자치도 화천군,7438
10,강원특별자치도 화천군,18252
11,강원특별자치도 화천군,10047
12,강원특별자치도 화천군,8445
03,강원특별자치도 횡성군,48602
04,강원특별자치도 횡성군,57332
06,강원특별자치도 횡성군,79214
07,강원특별자치도 횡성군,93260
09,강원특별자치도 횡성군,86798
05,강원특별자치도 횡성군,71506
08,강원특별자치도 횡성군,118032
01,강원특별자치도 횡성군,55217
02,강원특별자치도 횡성군,60025
10,강원특별자치도 횡성군,96585
11,강원특별자치도 횡성군,57013
12,강원특별자치도 횡성군,57094
