일시,지역명,방문자수
01,강원특별자치도 춘천시,8979957
01,강원특별자치도 원주시,9530785
01,강원특별자치도 강릉시,8031760
01,강원특별자치도 동해시,2946561
01,강원특별자치도 태백시,1491579
01,강원특별자치도 속초시,3936966
01,강원특별자치도 삼척시,2125769
01,강원특별자치도 홍천군,2496610
01,강원특별자치도 횡성군,1555292
01,강원특별자치도 영월군,974984
01,강원특별자치도 평창군,2588419
01,강원특별자치도 정선군,1634390
01,강원특별자치도 철원군,1246379
01,강원특별자치도 화천군,996882
01,강원특별자치도 양구군,674136
01,강원특별자치도 인제군,1291626
01,강원특별자치도 고성군,1551833
01,강원특별자치도 양양군,1851478
02,강원특별자치도 춘천시,8286297
02,강원특별자치도 원주시,8835746
02,강원특별자치도 강릉시,7381755
02,강원특별자치도 동해시,2607679
02,강원특별자치도 태백시,1288435
02,강원특별자치도 속초시,3763228
02,강원특별자치도 삼척시,1905294
02,강원특별자치도 홍천군,2252995
02,강원특별자치도 횡성군,1438571
02,강원특별자치도 영월군,908503
02,강원특별자치도 평창군,2250357
02,강원특별자치도 정선군,1499647
02,강원특별자치도 철원군,1159923
02,강원특별자치도 화천군,656144
02,강원특별자치도 양구군,619048
02,강원특별자치도 인제군,1115318
02,강원특별자치도 고성군,1494545
02,강원특별자치도 양양군,1737848
03,강원특별자치도 춘천시,10030162
03,강원특별자치도 원주시,10690647
03,강원특별자치도 강릉시,8434120
03,강원특별자치도 동해시,2895534
03,강원특별자치도 태백시,1360107
03,강원특별자치도 속초시,3695657
03,강원특별자치도 삼척시,2273493
03,강원특별자치도 홍천군,2275670
03,강원특별자치도 횡성군,1491219
03,강원특별자치도 영월군,1077945
03,강원특별자치도 평창군,1929804
03,강원특별자치도 정선군,1404124
03,강원특별자치도 철원군,1422416
03,강원특별자치도 화천군,850671
03,강원특별자치도 양구군,758608
03,강원특별자치도 인제군,1265258
03,강원특별자치도 고성군,1563456
03,강원특별자치도 양양군,1913423
04,강원특별자치도 춘천시,9020946
04,강원특별자치도 원주시,9438786
04,강원특별자치도 강릉시,7823672
04,강원특별자치도 동해시,3036198
04,강원특별자치도 태백시,1386885
04,강원특별자치도 속초시,3934776
04,강원특별자치도 삼척시,2333215
04,강원특별자치도 홍천군,2414748
04,강원특별자치도 횡성군,1571720
04,강원특별자치도 영월군,1125799
04,강원특별자치도 평창군,2064878
04,강원특별자치도 정선군,1400968
04,강원특별자치도 철원군,1379111
04,강원특별자치도 화천군,835680
04,강원특별자치도 양구군,736878
04,강원특별자치도 인제군,1283085
04,강원특별자치도 고성군,1609241
04,강원특별자치도 양양군,2056085
05,강원특별자치도 춘천시,10161808
05,강원특별자치도 원주시,10773063
05,강원특별자치도 강릉시,8667471
05,강원특별자치도 동해시,3129597
05,강원특별자치도 태백시,1474205
05,강원특별자치도 속초시,4117245
05,강원특별자치도 삼척시,2521327
05,강원특별자치도 홍천군,2717602
05,강원특별자치도 횡성군,1792059
05,강원특별자치도 영월군,1293411
05,강원특별자치도 평창군,2420523
05,강원특별자치도 정선군,1636018
05,강원특별자치도 철원군,1549743
05,강원특별자치도 화천군,926535
05,강원특별자치도 양구군,824325
05,강원특별자치도 인제군,1519774
05,강원특별자치도 고성군,1810761
05,강원특별자치도 양양군,2293955
06,강원특별자치도 춘천시,9784038
06,강원특별자치도 원주시,10257942
06,강원특별자치도 강릉시,8620919
06,강원특별자치도 동해시,3058583
06,강원특별자치도 태백시,1497506
06,강원특별자치도 속초시,4215585
06,강원특별자치도 삼척시,2431209
06,강원특별자치도 홍천군,2695712
06,강원특별자치도 횡성군,1759371
06,강원특별자치도 영월군,1261351
06,강원특별자치도 평창군,2427738
06,강원특별자치도 정선군,1558537
06,강원특별자치도 철원군,1385718
06,강원특별자치도 화천군,886637
06,강원특별자치도 양구군,798602
06,강원특별자치도 인제군,1505903
06,강원특별자치도 고성군,1867225
06,강원특별자치도 양양군,2349342
07,강원특별자치도 춘천시,9730577
07,강원특별자치도 원주시,10487323
07,강원특별자치도 강릉시,8874142
07,강원특별자치도 동해시,3262186
07,강원특별자치도 태백시,1624815
07,강원특별자치도 속초시,4634845
07,강원특별자치도 삼척시,2593341
07,강원특별자치도 홍천군,2969209
07,강원특별자치도 횡성군,1917632
07,강원특별자치도 영월군,1352503
07,강원특별자치도 평창군,2738199
07,강원특별자치도 정선군,1763096
07,강원특별자치도 철원군,1408779
07,강원특별자치도 화천군,974341
07,강원특별자치도 양구군,814114
07,강원특별자치도 인제군,1650684
07,강원특별자치도 고성군,2131199
07,강원특별자치도 양양군,2636312
08,강원특별자치도 춘천시,9891462
08,강원특별자치도 원주시,10519686
08,강원특별자치도 강릉시,9230127
08,강원특별자치도 동해시,3338521
08,강원특별자치도 태백시,1679957
08,강원특별자치도 속초시,5053362
08,강원특별자치도 삼척시,2751270
08,강원특별자치도 홍천군,3213275
08,강원특별자치도 횡성군,2092457
08,강원특별자치도 영월군,1531711
08,강원특별자치도 평창군,3093298
08,강원특별자치도 정선군,1931138
08,강원특별자치도 철원군,1477416
08,강원특별자치도 화천군,1213371
08,강원특별자치도 양구군,815529
08,강원특별자치도 인제군,1870892
08,강원특별자치도 고성군,2326749
08,강원특별자치도 양양군,2908661
09,강원특별자치도 춘천시,9862210
09,강원특별자치도 원주시,10659003
09,강원특별자치도 강릉시,8443099
09,강원특별자치도 동해시,3085581
09,강원특별자치도 태백시,1553469
09,강원특별자치도 속초시,4177187
09,강원특별자치도 삼척시,2530676
09,강원특별자치도 홍천군,2787885
09,강원특별자치도 횡성군,1830914
09,강원특별자치도 영월군,1299626
09,강원특별자치도 평창군,2552777
09,강원특별자치도 정선군,1643484
09,강원특별자치도 철원군,1523445
09,강원특별자치도 화천군,971726
09,강원특별자치도 양구군,848037
09,강원특별자치도 인제군,1587484
09,강원특별자치도 고성군,1883111
09,강원특별자치도 양양군,2265427
10,강원특별자치도 춘천시,10110643
10,강원특별자치도 원주시,10872565
10,강원특별자치도 강릉시,8668725
10,강원특별자치도 동해시,3197497
10,강원특별자치도 태백시,1583625
10,강원특별자치도 속초시,4724839
10,강원특별자치도 삼척시,2472768
10,강원특별자치도 홍천군,2841340
10,강원특별자치도 횡성군,1948573
10,강원특별자치도 영월군,1357705
10,강원특별자치도 평창군,2761627
10,강원특별자치도 정선군,1724301
10,강원특별자치도 철원군,1761235
10,강원특별자치도 화천군,949267
10,강원특별자치도 양구군,833814
10,강원특별자치도 인제군,1949641
10,강원특별자치도 고성군,2074759
10,강원특별자치도 양양군,2591573
11,강원특별자치도 춘천시,9499315
11,강원특별자치도 원주시,10368568
11,강원특별자치도 강릉시,7928864
11,강원특별자치도 동해시,2853682
11,강원특별자치도 태백시,1409418
11,강원특별자치도 속초시,3834911
11,강원특별자치도 삼척시,2233169
11,강원특별자치도 홍천군,2405558
11,강원특별자치도 횡성군,1545511
11,강원특별자치도 영월군,1091896
11,강원특별자치도 평창군,2029625
11,강원특별자치도 정선군,1398763
11,강원특별자치도 철원군,1270923
11,강원특별자치도 화천군,844167
11,강원특별자치도 양구군,773411
11,강원특별자치도 인제군,1288832
11,강원특별자치도 고성군,1530444
11,강원특별자치도 양양군,1821441
12,강원특별자치도 춘천시,9508170
12,강원특별자치도 원주시,10449383
12,강원특별자치도 강릉시,8315581
12,강원특별자치도 동해시,2960377
12,강원특별자치도 태백시,1442036
12,강원특별자치도 속초시,4148135
12,강원특별자치도 삼척시,2213172
12,강원특별자치도 홍천군,2547185
12,강원특별자치도 횡성군,1585295
12,강원특별자치도 영월군,1091444
12,강원특별자치도 평창군,2425155
12,강원특별자치도 정선군,1578288
12,강원특별자치도 철원군,1283590
12,강원특별자치도 화천군,810744
12,강원특별자치도 양구군,748479
12,강원특별자치도 인제군,1375253
12,강원특별자치도 고성군,1721786
12,강원특별자치도 양양군,1852368
01,경상남도 창원시 의창구,6539494
01,경상남도 창원시 성산구,7692335
01,경상남도 창원시 마산합포구,5368131
01,경상남도 창원시 마산회원구,4950328
01,경상남도 창원시 진해구,4286402
01,경상남도 진주시,7187270
01,경상남도 통영시,3617723
01,경상남도 사천시,3115532
01,경상남도 김해시,12699510
01,경상남도 밀양시,3054460
01,경상남도 거제시,8847929
01,경상남도 양산시,8943244
01,경상남도 의령군,806798
01,경상남도 함안군,2026876
01,경상남도 창녕군,1763322
01,경상남도 고성군,1604710
01,경상남도 남해군,1413065
01,경상남도 하동군,1071257
01,경상남도 산청군,987755
01,경상남도 함양군,1123776
01,경상남도 거창군,1645819
01,경상남도 합천군,1246260
02,경상남도 창원시 의창구,5893059
02,경상남도 창원시 성산구,6929803
02,경상남도 창원시 마산합포구,4684603
02,경상남도 창원시 마산회원구,4335150
02,경상남도 창원시 진해구,3840949
02,경상남도 진주시,6362789
02,경상남도 통영시,3241177
02,경상남도 사천시,2753324
02,경상남도 김해시,11426150
02,경상남도 밀양시,2684220
02,경상남도 거제시,8056175
02,경상남도 양산시,8152372
02,경상남도 의령군,709749
02,경상남도 함안군,1818300
02,경상남도 창녕군,1533188
02,경상남도 고성군,1418224
02,경상남도 남해군,1228934
02,경상남도 하동군,965977
02,경상남도 산청군,835863
02,경상남도 함양군,974634
02,경상남도 거창군,1423926
02,경상남도 합천군,1042437
03,경상남도 창원시 의창구,6898337
03,경상남도 창원시 성산구,7896617
03,경상남도 창원시 마산합포구,5601505
03,경상남도 창원시 마산회원구,5034754
03,경상남도 창원시 진해구,4997051
03,경상남도 진주시,7667747
03,경상남도 통영시,3702734
03,경상남도 사천시,3300650
03,경상남도 김해시,13280166
03,경상남도 밀양시,3306286
03,경상남도 거제시,9116285
03,경상남도 양산시,9423195
03,경상남도 의령군,835912
03,경상남도 함안군,2146239
03,경상남도 창녕군,1833434
03,경상남도 고성군,1667314
03,경상남도 남해군,1463902
03,경상남도 하동군,1790868
03,경상남도 산청군,1010495
03,경상남도 함양군,1148632
03,경상남도 거창군,1642266
03,경상남도 합천군,1266007
04,경상남도 창원시 의창구,6453567
04,경상남도 창원시 성산구,7319418
04,경상남도 창원시 마산합포구,5200382
04,경상남도 창원시 마산회원구,4679143
04,경상남도 창원시 진해구,4351547
04,경상남도 진주시,6972336
04,경상남도 통영시,3563543
04,경상남도 사천시,3344838
04,경상남도 김해시,12535787
04,경상남도 밀양시,3205047
04,경상남도 거제시,8752933
04,경상남도 양산시,8686836
04,경상남도 의령군,896524
04,경상남도 함안군,2169454
04,경상남도 창녕군,2046092
04,경상남도 고성군,1657851
04,경상남도 남해군,1516045
04,경상남도 하동군,1355065
04,경상남도 산청군,1134488
04,경상남도 함양군,1213325
04,경상남도 거창군,1630002
04,경상남도 합천군,1398654
05,경상남도 창원시 의창구,6884081
05,경상남도 창원시 성산구,7803470
05,경상남도 창원시 마산합포구,5614766
05,경상남도 창원시 마산회원구,5031021
05,경상남도 창원시 진해구,4432447
05,경상남도 진주시,7585360
05,경상남도 통영시,3747563
05,경상남도 사천시,3369644
05,경상남도 김해시,13363220
05,경상남도 밀양시,3474394
05,경상남도 거제시,9252325
05,경상남도 양산시,9327484
05,경상남도 의령군,908939
05,경상남도 함안군,2391603
05,경상남도 창녕군,1941756
05,경상남도 고성군,1728862
05,경상남도 남해군,1576788
05,경상남도 하동군,1412472
05,경상남도 산청군,1206433
05,경상남도 함양군,1333332
05,경상남도 거창군,1751375
05,경상남도 합천군,1483558
06,경상남도 창원시 의창구,6422665
06,경상남도 창원시 성산구,7514122
06,경상남도 창원시 마산합포구,5336713
06,경상남도 창원시 마산회원구,4616808
06,경상남도 창원시 진해구,4314840
06,경상남도 진주시,7117560
06,경상남도 통영시,3516877
06,경상남도 사천시,3135386
06,경상남도 김해시,12669242
06,경상남도 밀양시,3176854
06,경상남도 거제시,9098313
06,경상남도 양산시,8889360
06,경상남도 의령군,800826
06,경상남도 함안군,1956771
06,경상남도 창녕군,1784769
06,경상남도 고성군,1667655
06,경상남도 남해군,1454688
06,경상남도 하동군,1154965
06,경상남도 산청군,1075875
06,경상남도 함양군,1253586
06,경상남도 거창군,1654851
06,경상남도 합천군,1289523
07,경상남도 창원시 의창구,6459873
07,경상남도 창원시 성산구,7630195
07,경상남도 창원시 마산합포구,5385143
07,경상남도 창원시 마산회원구,4672959
07,경상남도 창원시 진해구,4369420
07,경상남도 진주시,7091498
07,경상남도 통영시,3552244
07,경상남도 사천시,3236200
07,경상남도 김해시,12852780
07,경상남도 밀양시,3182234
07,경상남도 거제시,9421744
07,경상남도 양산시,9005059
07,경상남도 의령군,775731
07,경상남도 함안군,1978631
07,경상남도 창녕군,1709645
07,경상남도 고성군,1671513
07,경상남도 남해군,1540363
07,경상남도 하동군,1117606
07,경상남도 산청군,1138056
07,경상남도 함양군,1288387
07,경상남도 거창군,1685568
07,경상남도 합천군,1250585
08,경상남도 창원시 의창구,6384091
08,경상남도 창원시 성산구,7453982
08,경상남도 창원시 마산합포구,5422543
08,경상남도 창원시 마산회원구,4645416
08,경상남도 창원시 진해구,4300548
08,경상남도 진주시,7082489
08,경상남도 통영시,3619983
08,경상남도 사천시,3359998
08,경상남도 김해시,12797068
08,경상남도 밀양시,3349956
08,경상남도 거제시,9412845
08,경상남도 양산시,9123187
08,경상남도 의령군,785467
08,경상남도 함안군,1943985
08,경상남도 창녕군,1679731
08,경상남도 고성군,1662034
08,경상남도 남해군,1636341
08,경상남도 하동군,1280025
08,경상남도 산청군,1326308
08,경상남도 함양군,1433214
08,경상남도 거창군,1778456
08,경상남도 합천군,1281137
09,경상남도 창원시 의창구,6600187
09,경상남도 창원시 성산구,7465483
09,경상남도 창원시 마산합포구,5461429
09,경상남도 창원시 마산회원구,4796121
09,경상남도 창원시 진해구,4151888
09,경상남도 진주시,7283901
09,경상남도 통영시,3575648
09,경상남도 사천시,3104406
09,경상남도 김해시,12656026
09,경상남도 밀양시,3295646
09,경상남도 거제시,8891376
09,경상남도 양산시,9060612
09,경상남도 의령군,898212
09,경상남도 함안군,1988853
09,경상남도 창녕군,1831162
09,경상남도 고성군,1806596
09,경상남도 남해군,1572799
09,경상남도 하동군,1224350
09,경상남도 산청군,1224190
09,경상남도 함양군,1377566
09,경상남도 거창군,1801853
09,경상남도 합천군,1393562
10,경상남도 창원시 의창구,6746559
10,경상남도 창원시 성산구,7611913
10,경상남도 창원시 마산합포구,5475033
10,경상남도 창원시 마산회원구,4739729
10,경상남도 창원시 진해구,4234375
10,경상남도 진주시,7525454
10,경상남도 통영시,3926381
10,경상남도 사천시,3145596
10,경상남도 김해시,12917403
10,경상남도 밀양시,3448574
10,경상남도 거제시,9298014
10,경상남도 양산시,9319630
10,경상남도 의령군,952975
10,경상남도 함안군,2144733
10,경상남도 창녕군,1912933
10,경상남도 고성군,1896937
10,경상남도 남해군,1631157
10,경상남도 하동군,1330185
10,경상남도 산청군,1342819
10,경상남도 함양군,1418167
10,경상남도 거창군,1866690
10,경상남도 합천군,1518584
11,경상남도 창원시 의창구,6565311
11,경상남도 창원시 성산구,7459040
11,경상남도 창원시 마산합포구,5283742
11,경상남도 창원시 마산회원구,4676431
11,경상남도 창원시 진해구,4043354
11,경상남도 진주시,7072357
11,경상남도 통영시,3537083
11,경상남도 사천시,2957151
11,경상남도 김해시,12320326
11,경상남도 밀양시,3188337
11,경상남도 거제시,8678246
11,경상남도 양산시,8823493
11,경상남도 의령군,852740
11,경상남도 함안군,2017439
11,경상남도 창녕군,1744891
11,경상남도 고성군,1615071
11,경상남도 남해군,1360953
11,경상남도 하동군,1129590
11,경상남도 산청군,1054613
11,경상남도 함양군,1242699
11,경상남도 거창군,1644060
11,경상남도 합천군,1212115
12,경상남도 창원시 의창구,6229230
12,경상남도 창원시 성산구,7328429
12,경상남도 창원시 마산합포구,5300386
12,경상남도 창원시 마산회원구,4454859
12,경상남도 창원시 진해구,4035662
12,경상남도 진주시,6994377
12,경상남도 통영시,3513067
12,경상남도 사천시,2875621
12,경상남도 김해시,12209736
12,경상남도 밀양시,2951462
12,경상남도 거제시,8783672
12,경상남도 양산시,8664920
12,경상남도 의령군,769660
12,경상남도 함안군,1752667
12,경상남도 창녕군,1640632
12,경상남도 고성군,1524082
12,경상남도 남해군,1324624
12,경상남도 하동군,960802
12,경상남도 산청군,905582
12,경상남도 함양군,1057771
12,경상남도 거창군,1539091
12,경상남도 합천군,1071261
01,경상북도 포항시 남구,6649341
01,경상북도 포항시 북구,7959292
01,경상북도 경주시,9008556
01,경상북도 김천시,3407871
01,경상북도 안동시,5087902
01,경상북도 구미시,8586073
01,경상북도 영주시,2876123
01,경상북도 영천시,2662944
01,경상북도 상주시,2932176
01,경상북도 문경시,1946995
01,경상북도 경산시,7447024
01,경상북도 의성군,1432079
01,경상북도 청송군,895795
01,경상북도 영양군,382293
01,경상북도 영덕군,1676189
01,경상북도 청도군,1554870
01,경상북도 고령군,925203
01,경상북도 성주군,1376034
01,경상북도 칠곡군,3228911
01,경상북도 예천군,1593780
01,경상북도 봉화군,745026
01,경상북도 울진군,1711689
01,경상북도 울릉군,215492
02,경상북도 포항시 남구,6020774
02,경상북도 포항시 북구,7147752
02,경상북도 경주시,8293409
02,경상북도 김천시,3058822
02,경상북도 안동시,4541121
02,경상북도 구미시,7860530
02,경상북도 영주시,2507780
02,경상북도 영천시,2348954
02,경상북도 상주시,2572199
02,경상북도 문경시,1668125
02,경상북도 경산시,6908675
02,경상북도 의성군,1223508
02,경상북도 청송군,748919
02,경상북도 영양군,331609
02,경상북도 영덕군,1519598
02,경상북도 청도군,1479777
02,경상북도 고령군,861455
02,경상북도 성주군,1245690
02,경상북도 칠곡군,2931320
02,경상북도 예천군,1380832
02,경상북도 봉화군,622122
02,경상북도 울진군,1537686
02,경상북도 울릉군,222362
03,경상북도 포항시 남구,6778942
03,경상북도 포항시 북구,8127365
03,경상북도 경주시,9576610
03,경상북도 김천시,3661258
03,경상북도 안동시,5365184
03,경상북도 구미시,9086371
03,경상북도 영주시,2969386
03,경상북도 영천시,2688080
03,경상북도 상주시,2955023
03,경상북도 문경시,1954701
03,경상북도 경산시,8739139
03,경상북도 의성군,1516813
03,경상북도 청송군,873780
03,경상북도 영양군,407604
03,경상북도 영덕군,1577952
03,경상북도 청도군,1625549
03,경상북도 고령군,1012815
03,경상북도 성주군,1427288
03,경상북도 칠곡군,3401199
03,경상북도 예천군,1619714
03,경상북도 봉화군,747199
03,경상북도 울진군,1721433
03,경상북도 울릉군,334096
04,경상북도 포항시 남구,6433399
04,경상북도 포항시 북구,7642492
04,경상북도 경주시,9409133
04,경상북도 김천시,3562081
04,경상북도 안동시,5009312
04,경상북도 구미시,8471610
04,경상북도 영주시,2815644
04,경상북도 영천시,2596203
04,경상북도 상주시,2873219
04,경상북도 문경시,1998748
04,경상북도 경산시,7404708
04,경상북도 의성군,1458560
04,경상북도 청송군,880372
04,경상북도 영양군,401497
04,경상북도 영덕군,1595624
04,경상북도 청도군,1547766
04,경상북도 고령군,1038108
04,경상북도 성주군,1424783
04,경상북도 칠곡군,3330057
04,경상북도 예천군,1590471
04,경상북도 봉화군,755939
04,경상북도 울진군,1711762
04,경상북도 울릉군,393952
05,경상북도 포항시 남구,7014982
05,경상북도 포항시 북구,8321118
05,경상북도 경주시,9749753
05,경상북도 김천시,3775205
05,경상북도 안동시,5467818
05,경상북도 구미시,9086865
05,경상북도 영주시,3116249
05,경상북도 영천시,2873623
05,경상북도 상주시,3146075
05,경상북도 문경시,2255292
05,경상북도 경산시,8435618
05,경상북도 의성군,1620125
05,경상북도 청송군,961792
05,경상북도 영양군,480751
05,경상북도 영덕군,1679927
05,경상북도 청도군,1591570
05,경상북도 고령군,1070016
05,경상북도 성주군,1557156
05,경상북도 칠곡군,3581741
05,경상북도 예천군,1737966
05,경상북도 봉화군,852159
05,경상북도 울진군,1792780
05,경상북도 울릉군,502162
06,경상북도 포항시 남구,6424571
06,경상북도 포항시 북구,7752709
06,경상북도 경주시,9078841
06,경상북도 김천시,3371530
06,경상북도 안동시,4932602
06,경상북도 구미시,8302409
06,경상북도 영주시,2579326
06,경상북도 영천시,2598506
06,경상북도 상주시,2860916
06,경상북도 문경시,2044517
06,경상북도 경산시,6659399
06,경상북도 의성군,1513090
06,경상북도 청송군,887896
06,경상북도 영양군,382369
06,경상북도 영덕군,1639975
06,경상북도 청도군,1517496
06,경상북도 고령군,987263
06,경상북도 성주군,1391512
06,경상북도 칠곡군,3194858
06,경상북도 예천군,1552372
06,경상북도 봉화군,726170
06,경상북도 울진군,1667510
06,경상북도 울릉군,448068
07,경상북도 포항시 남구,6530043
07,경상북도 포항시 북구,7956380
07,경상북도 경주시,9385101
07,경상북도 김천시,3370085
07,경상북도 안동시,4928612
07,경상북도 구미시,8314374
07,경상북도 영주시,2597004
07,경상북도 영천시,2560590
07,경상북도 상주시,2837295
07,경상북도 문경시,2073905
07,경상북도 경산시,6574364
07,경상북도 의성군,1477599
07,경상북도 청송군,921590
07,경상북도 영양군,394790
07,경상북도 영덕군,1783753
07,경상북도 청도군,1540240
07,경상북도 고령군,961090
07,경상북도 성주군,1404469
07,경상북도 칠곡군,3250916
07,경상북도 예천군,1565206
07,경상북도 봉화군,754748
07,경상북도 울진군,1716625
07,경상북도 울릉군,367534
08,경상북도 포항시 남구,6558287
08,경상북도 포항시 북구,8150965
08,경상북도 경주시,9867567
08,경상북도 김천시,3396534
08,경상북도 안동시,5057024
08,경상북도 구미시,8288732
08,경상북도 영주시,2568624
08,경상북도 영천시,2572244
08,경상북도 상주시,2929291
08,경상북도 문경시,2177266
08,경상북도 경산시,6628407
08,경상북도 의성군,1494108
08,경상북도 청송군,982319
08,경상북도 영양군,431588
08,경상북도 영덕군,1948709
08,경상북도 청도군,1616864
08,경상북도 고령군,929446
08,경상북도 성주군,1428617
08,경상북도 칠곡군,3323391
08,경상북도 예천군,1535186
08,경상북도 봉화군,802462
08,경상북도 울진군,1908341
08,경상북도 울릉군,393742
09,경상북도 포항시 남구,6445185
09,경상북도 포항시 북구,7938556
09,경상북도 경주시,9459838
09,경상북도 김천시,3569729
09,경상북도 안동시,5340205
09,경상북도 구미시,8554297
09,경상북도 영주시,2817796
09,경상북도 영천시,2911734
09,경상북도 상주시,3172397
09,경상북도 문경시,2327076
09,경상북도 경산시,7098801
09,경상북도 의성군,1652820
09,경상북도 청송군,970559
09,경상북도 영양군,446986
09,경상북도 영덕군,1675391
09,경상북도 청도군,1525116
09,경상북도 고령군,1029320
09,경상북도 성주군,1485812
09,경상북도 칠곡군,3523322
09,경상북도 예천군,1687869
09,경상북도 봉화군,857267
09,경상북도 울진군,1753850
09,경상북도 울릉군,366958
10,경상북도 포항시 남구,6607704
10,경상북도 포항시 북구,8093193
10,경상북도 경주시,10027635
10,경상북도 김천시,3591771
10,경상북도 안동시,5393850
10,경상북도 구미시,8911320
10,경상북도 영주시,3120682
10,경상북도 영천시,2832536
10,경상북도 상주시,3154576
10,경상북도 문경시,2287666
10,경상북도 경산시,6733308
10,경상북도 의성군,1530810
10,경상북도 청송군,1102768
10,경상북도 영양군,427970
10,경상북도 영덕군,1747890
10,경상북도 청도군,1686448
10,경상북도 고령군,1043519
10,경상북도 성주군,1418822
10,경상북도 칠곡군,3684086
10,경상북도 예천군,1647103
10,경상북도 봉화군,859290
10,경상북도 울진군,1843168
10,경상북도 울릉군,446831
11,경상북도 포항시 남구,6282084
11,경상북도 포항시 북구,7616803
11,경상북도 경주시,9086902
11,경상북도 김천시,3391438
11,경상북도 안동시,5025565
11,경상북도 구미시,8594640
11,경상북도 영주시,2896554
11,경상북도 영천시,2511080
11,경상북도 상주시,2847854
11,경상북도 문경시,1952018
11,경상북도 경산시,6688182
11,경상북도 의성군,1417497
11,경상북도 청송군,1016585
11,경상북도 영양군,390592
11,경상북도 영덕군,1484124
11,경상북도 청도군,1375405
11,경상북도 고령군,937022
11,경상북도 성주군,1291394
11,경상북도 칠곡군,3296148
11,경상북도 예천군,1537563
11,경상북도 봉화군,746499
11,경상북도 울진군,1596473
11,경상북도 울릉군,301965
12,경상북도 포항시 남구,6367852
12,경상북도 포항시 북구,7802691
12,경상북도 경주시,8927220
12,경상북도 김천시,3288261
12,경상북도 안동시,4902020
12,경상북도 구미시,8588561
12,경상북도 영주시,2806389
12,경상북도 영천시,2428024
12,경상북도 상주시,2744199
12,경상북도 문경시,1752349
12,경상북도 경산시,6374835
12,경상북도 의성군,1294671
12,경상북도 청송군,795674
12,경상북도 영양군,334087
12,경상북도 영덕군,1600716
12,경상북도 청도군,1329581
12,경상북도 고령군,893707
12,경상북도 성주군,1283407
12,경상북도 칠곡군,3135478
12,경상북도 예천군,1462460
12,경상북도 봉화군,647528
12,경상북도 울진군,1641905
12,경상북도 울릉군,246295
01,광주광역시 동구,4855860
01,광주광역시 서구,9437965
01,광주광역시 남구,4879526
01,광주광역시 북구,11447321
01,광주광역시 광산구,10909247
02,광주광역시 동구,4450535
02,광주광역시 서구,8613324
02,광주광역시 남구,4353937
02,광주광역시 북구,10312286
02,광주광역시 광산구,9958545
03,광주광역시 동구,5418575
03,광주광역시 서구,9979368
03,광주광역시 남구,5172127
03,광주광역시 북구,12373409
03,광주광역시 광산구,11666877
04,광주광역시 동구,4685004
04,광주광역시 서구,9310797
04,광주광역시 남구,4596844
04,광주광역시 북구,11157517
04,광주광역시 광산구,10694435
05,광주광역시 동구,5450294
05,광주광역시 서구,10155292
05,광주광역시 남구,4967841
05,광주광역시 북구,12233085
05,광주광역시 광산구,11623886
06,광주광역시 동구,5022742
06,광주광역시 서구,9357575
06,광주광역시 남구,3662041
06,광주광역시 북구,10844654
06,광주광역시 광산구,10234382
07,광주광역시 동구,4984382
07,광주광역시 서구,9492643
07,광주광역시 남구,3690355
07,광주광역시 북구,10863414
07,광주광역시 광산구,10408893
08,광주광역시 동구,4924616
08,광주광역시 서구,9327381
08,광주광역시 남구,3614827
08,광주광역시 북구,10755353
08,광주광역시 광산구,10268356
09,광주광역시 동구,4899261
09,광주광역시 서구,9199408
09,광주광역시 남구,3633617
09,광주광역시 북구,10871575
09,광주광역시 광산구,10265880
10,광주광역시 동구,5262858
10,광주광역시 서구,9723186
10,광주광역시 남구,3729473
10,광주광역시 북구,11187798
10,광주광역시 광산구,10970617
11,광주광역시 동구,4879634
11,광주광역시 서구,9211282
11,광주광역시 남구,3592942
11,광주광역시 북구,10620482
11,광주광역시 광산구,10700940
12,광주광역시 동구,5040024
12,광주광역시 서구,9583711
12,광주광역시 남구,3690599
12,광주광역시 북구,10831543
12,광주광역시 광산구,10926938
01,대구광역시 중구,7263611
01,대구광역시 동구,10771115
01,대구광역시 서구,3716461
01,대구광역시 남구,4537484
01,대구광역시 북구,12187761
01,대구광역시 수성구,11761320
01,대구광역시 달서구,14150287
01,대구광역시 달성군,6247834
01,대구광역시 군위군,873532
02,대구광역시 중구,7018067
02,대구광역시 동구,9886819
02,대구광역시 서구,3374783
02,대구광역시 남구,4234217
02,대구광역시 북구,11170363
02,대구광역시 수성구,10695427
02,대구광역시 달서구,13011933
02,대구광역시 달성군,5878694
02,대구광역시 군위군,757899
03,대구광역시 중구,7802072
03,대구광역시 동구,11212349
03,대구광역시 서구,3881192
03,대구광역시 남구,4991589
03,대구광역시 북구,13081526
03,대구광역시 수성구,12202479
03,대구광역시 달서구,15216906
03,대구광역시 달성군,6897769
03,대구광역시 군위군,897294
04,대구광역시 중구,7282549
04,대구광역시 동구,10644882
04,대구광역시 서구,3601458
04,대구광역시 남구,4491215
04,대구광역시 북구,11887432
04,대구광역시 수성구,11503846
04,대구광역시 달서구,13792150
04,대구광역시 달성군,6647218
04,대구광역시 군위군,961817
05,대구광역시 중구,7774165
05,대구광역시 동구,11221685
05,대구광역시 서구,3833368
05,대구광역시 남구,4823344
05,대구광역시 북구,12708258
05,대구광역시 수성구,12167782
05,대구광역시 달서구,14780864
05,대구광역시 달성군,6806682
05,대구광역시 군위군,1054999
06,대구광역시 중구,7340168
06,대구광역시 동구,10308119
06,대구광역시 서구,3406845
06,대구광역시 남구,4273824
06,대구광역시 북구,11242063
06,대구광역시 수성구,10978261
06,대구광역시 달서구,13075609
06,대구광역시 달성군,5860688
06,대구광역시 군위군,889630
07,대구광역시 중구,7582662
07,대구광역시 동구,10680273
07,대구광역시 서구,3507530
07,대구광역시 남구,4317817
07,대구광역시 북구,11220099
07,대구광역시 수성구,11137898
07,대구광역시 달서구,13344888
07,대구광역시 달성군,5973480
07,대구광역시 군위군,895591
08,대구광역시 중구,7326032
08,대구광역시 동구,10493082
08,대구광역시 서구,3410687
08,대구광역시 남구,4267377
08,대구광역시 북구,11187488
08,대구광역시 수성구,11129878
08,대구광역시 달서구,13012979
08,대구광역시 달성군,5885237
08,대구광역시 군위군,931675
09,대구광역시 중구,7454470
09,대구광역시 동구,10762427
09,대구광역시 서구,3655655
09,대구광역시 남구,4421143
09,대구광역시 북구,11883982
09,대구광역시 수성구,11159783
09,대구광역시 달서구,13623327
09,대구광역시 달성군,5992703
09,대구광역시 군위군,1096760
10,대구광역시 중구,7947212
10,대구광역시 동구,11384186
10,대구광역시 서구,3709241
10,대구광역시 남구,4512004
10,대구광역시 북구,12359863
10,대구광역시 수성구,11442736
10,대구광역시 달서구,14231153
10,대구광역시 달성군,6456812
10,대구광역시 군위군,1149284
11,대구광역시 중구,7465884
11,대구광역시 동구,10870168
11,대구광역시 서구,3574307
11,대구광역시 남구,4251994
11,대구광역시 북구,11991777
11,대구광역시 수성구,11081851
11,대구광역시 달서구,13830399
11,대구광역시 달성군,5940018
11,대구광역시 군위군,935447
12,대구광역시 중구,8031519
12,대구광역시 동구,11153701
12,대구광역시 서구,3642026
12,대구광역시 남구,4295306
12,대구광역시 북구,12147586
12,대구광역시 수성구,11360182
12,대구광역시 달서구,13937682
12,대구광역시 달성군,5725233
12,대구광역시 군위군,836300
01,대전광역시 동구,6115024
01,대전광역시 중구,7226168
01,대전광역시 서구,13319937
01,대전광역시 유성구,11655310
01,대전광역시 대덕구,4578455
02,대전광역시 동구,5686331
02,대전광역시 중구,6674392
02,대전광역시 서구,12377433
02,대전광역시 유성구,11108415
02,대전광역시 대덕구,4254509
03,대전광역시 동구,6890497
03,대전광역시 중구,7543944
03,대전광역시 서구,14110915
03,대전광역시 유성구,13049662
03,대전광역시 대덕구,4934141
04,대전광역시 동구,6050421
04,대전광역시 중구,7019622
04,대전광역시 서구,12983213
04,대전광역시 유성구,11930334
04,대전광역시 대덕구,4580531
05,대전광역시 동구,6657965
05,대전광역시 중구,7561698
05,대전광역시 서구,13927614
05,대전광역시 유성구,12920835
05,대전광역시 대덕구,4907745
06,대전광역시 동구,5527153
06,대전광역시 중구,6567582
06,대전광역시 서구,12417189
06,대전광역시 유성구,12045617
06,대전광역시 대덕구,4539180
07,대전광역시 동구,5429737
07,대전광역시 중구,6552379
07,대전광역시 서구,12542257
07,대전광역시 유성구,11877471
07,대전광역시 대덕구,4486482
08,대전광역시 동구,5461404
08,대전광역시 중구,6734761
08,대전광역시 서구,12476711
08,대전광역시 유성구,11841485
08,대전광역시 대덕구,4506728
09,대전광역시 동구,5916103
09,대전광역시 중구,6494288
09,대전광역시 서구,12246681
09,대전광역시 유성구,11691395
09,대전광역시 대덕구,4449674
10,대전광역시 동구,6126515
10,대전광역시 중구,7078481
10,대전광역시 서구,13542617
10,대전광역시 유성구,12506925
10,대전광역시 대덕구,4689262
11,대전광역시 동구,5876387
11,대전광역시 중구,6632048
11,대전광역시 서구,12989489
11,대전광역시 유성구,12130434
11,대전광역시 대덕구,4390954
12,대전광역시 동구,5890285
12,대전광역시 중구,6944800
12,대전광역시 서구,13457665
12,대전광역시 유성구,12281175
12,대전광역시 대덕구,4419174
01,부산광역시 중구,4460629
01,부산광역시 서구,3276086
01,부산광역시 동구,4049000
01,부산광역시 영도구,3434108
01,부산광역시 부산진구,12501184
01,부산광역시 동래구,7411899
01,부산광역시 남구,6805459
01,부산광역시 북구,6718527
01,부산광역시 해운대구,12964434
01,부산광역시 사하구,6429179
01,부산광역시 금정구,6218131
01,부산광역시 강서구,5803070
01,부산광역시 연제구,5356577
01,부산광역시 수영구,6180980
01,부산광역시 사상구,5241114
01,부산광역시 기장군,6623982
02,부산광역시 중구,4120902
02,부산광역시 서구,3025135
02,부산광역시 동구,3831928
02,부산광역시 영도구,3121573
02,부산광역시 부산진구,11532782
02,부산광역시 동래구,6590792
02,부산광역시 남구,6222769
02,부산광역시 북구,5929935
02,부산광역시 해운대구,11850283
02,부산광역시 사하구,5826658
02,부산광역시 금정구,5642349
02,부산광역시 강서구,5363706
02,부산광역시 연제구,4793813
02,부산광역시 수영구,5615550
02,부산광역시 사상구,4774408
02,부산광역시 기장군,5798248
03,부산광역시 중구,4610561
03,부산광역시 서구,3560465
03,부산광역시 동구,4187375
03,부산광역시 영도구,3607642
03,부산광역시 부산진구,12965018
03,부산광역시 동래구,7542222
03,부산광역시 남구,7487811
03,부산광역시 북구,6754701
03,부산광역시 해운대구,12901425
03,부산광역시 사하구,6865426
03,부산광역시 금정구,6922618
03,부산광역시 강서구,6165852
03,부산광역시 연제구,5500971
03,부산광역시 수영구,6176649
03,부산광역시 사상구,5680231
03,부산광역시 기장군,6479725
04,부산광역시 중구,4374035
04,부산광역시 서구,3212495
04,부산광역시 동구,4057760
04,부산광역시 영도구,3315071
04,부산광역시 부산진구,11938776
04,부산광역시 동래구,7090898
04,부산광역시 남구,6585555
04,부산광역시 북구,6410639
04,부산광역시 해운대구,12411158
04,부산광역시 사하구,6159300
04,부산광역시 금정구,5996921
04,부산광역시 강서구,5993259
04,부산광역시 연제구,5117715
04,부산광역시 수영구,5895718
04,부산광역시 사상구,5059636
04,부산광역시 기장군,6416538
05,부산광역시 중구,4695982
05,부산광역시 서구,3495929
05,부산광역시 동구,4378428
05,부산광역시 영도구,3702081
05,부산광역시 부산진구,12949206
05,부산광역시 동래구,7586658
05,부산광역시 남구,7261073
05,부산광역시 북구,6817278
05,부산광역시 해운대구,13357707
05,부산광역시 사하구,6514359
05,부산광역시 금정구,6728797
05,부산광역시 강서구,6303892
05,부산광역시 연제구,5438971
05,부산광역시 수영구,6263937
05,부산광역시 사상구,5474395
05,부산광역시 기장군,6815933
06,부산광역시 중구,4506201
06,부산광역시 서구,3299009
06,부산광역시 동구,4154927
06,부산광역시 영도구,3536280
06,부산광역시 부산진구,12159223
06,부산광역시 동래구,6973956
06,부산광역시 남구,6548038
06,부산광역시 북구,6402681
06,부산광역시 해운대구,12702506
06,부산광역시 사하구,5901234
06,부산광역시 금정구,5967474
06,부산광역시 강서구,5929984
06,부산광역시 연제구,3836837
06,부산광역시 수영구,5947170
06,부산광역시 사상구,4710330
06,부산광역시 기장군,6470926
07,부산광역시 중구,4486308
07,부산광역시 서구,3274793
07,부산광역시 동구,4285226
07,부산광역시 영도구,3516811
07,부산광역시 부산진구,12488184
07,부산광역시 동래구,7108206
07,부산광역시 남구,6498775
07,부산광역시 북구,6604371
07,부산광역시 해운대구,13455176
07,부산광역시 사하구,6041470
07,부산광역시 금정구,5848971
07,부산광역시 강서구,5978592
07,부산광역시 연제구,3939599
07,부산광역시 수영구,6225889
07,부산광역시 사상구,4773040
07,부산광역시 기장군,6612142
08,부산광역시 중구,4609514
08,부산광역시 서구,3322738
08,부산광역시 동구,4337064
08,부산광역시 영도구,3575053
08,부산광역시 부산진구,12406504
08,부산광역시 동래구,7068850
08,부산광역시 남구,6501790
08,부산광역시 북구,6514319
08,부산광역시 해운대구,13440840
08,부산광역시 사하구,6088148
08,부산광역시 금정구,5821007
08,부산광역시 강서구,6004394
08,부산광역시 연제구,4247960
08,부산광역시 수영구,6303610
08,부산광역시 사상구,4802874
08,부산광역시 기장군,6714423
09,부산광역시 중구,4619802
09,부산광역시 서구,3366931
09,부산광역시 동구,4107676
09,부산광역시 영도구,3613365
09,부산광역시 부산진구,12475906
09,부산광역시 동래구,7126627
09,부산광역시 남구,6875955
09,부산광역시 북구,6752981
09,부산광역시 해운대구,12735056
09,부산광역시 사하구,6380145
09,부산광역시 금정구,6419483
09,부산광역시 강서구,5909289
09,부산광역시 연제구,4572037
09,부산광역시 수영구,5950873
09,부산광역시 사상구,5156769
09,부산광역시 기장군,6395912
10,부산광역시 중구,4834592
10,부산광역시 서구,3443089
10,부산광역시 동구,4475886
10,부산광역시 영도구,3625885
10,부산광역시 부산진구,12616622
10,부산광역시 동래구,7456556
10,부산광역시 남구,6939768
10,부산광역시 북구,6909313
10,부산광역시 해운대구,13297347
10,부산광역시 사하구,6564264
10,부산광역시 금정구,6425444
10,부산광역시 강서구,6176150
10,부산광역시 연제구,4876937
10,부산광역시 수영구,6139174
10,부산광역시 사상구,5328954
10,부산광역시 기장군,6697064
11,부산광역시 중구,4499309
11,부산광역시 서구,3256882
11,부산광역시 동구,4196258
11,부산광역시 영도구,3415043
11,부산광역시 부산진구,12236187
11,부산광역시 동래구,7068344
11,부산광역시 남구,6830974
11,부산광역시 북구,6635743
11,부산광역시 해운대구,12677075
11,부산광역시 사하구,6348800
11,부산광역시 금정구,6321919
11,부산광역시 강서구,5762632
11,부산광역시 연제구,4651479
11,부산광역시 수영구,5739288
11,부산광역시 사상구,5165135
11,부산광역시 기장군,5972497
12,부산광역시 중구,4914123
12,부산광역시 서구,3209899
12,부산광역시 동구,4168884
12,부산광역시 영도구,3506460
12,부산광역시 부산진구,12386197
12,부산광역시 동래구,7126414
12,부산광역시 남구,6608396
12,부산광역시 북구,6654269
12,부산광역시 해운대구,13083289
12,부산광역시 사하구,6109678
12,부산광역시 금정구,6133506
12,부산광역시 강서구,5623915
12,부산광역시 연제구,4782942
12,부산광역시 수영구,5786947
12,부산광역시 사상구,5063072
12,부산광역시 기장군,6169576
01,세종특별자치시 ,8371858
02,세종특별자치시 ,7881347
03,세종특별자치시 ,9344944
04,세종특별자치시 ,8525259
05,세종특별자치시 ,9326581
06,세종특별자치시 ,8624304
07,세종특별자치시 ,8460442
08,세종특별자치시 ,8559667
09,세종특별자치시 ,8510684
10,세종특별자치시 ,9127761
11,세종특별자치시 ,8656464
12,세종특별자치시 ,8734912
01,울산광역시 중구,5549366
01,울산광역시 남구,9906225
01,울산광역시 동구,3751452
01,울산광역시 북구,5467995
01,울산광역시 울주군,6653371
02,울산광역시 중구,4940707
02,울산광역시 남구,8982853
02,울산광역시 동구,3504765
02,울산광역시 북구,5063063
02,울산광역시 울주군,6056672
03,울산광역시 중구,5693869
03,울산광역시 남구,10303537
03,울산광역시 동구,4022881
03,울산광역시 북구,5633800
03,울산광역시 울주군,7092123
04,울산광역시 중구,5383887
04,울산광역시 남구,9542091
04,울산광역시 동구,3841159
04,울산광역시 북구,5363770
04,울산광역시 울주군,6620302
05,울산광역시 중구,5778814
05,울산광역시 남구,10479984
05,울산광역시 동구,4069459
05,울산광역시 북구,5710499
05,울산광역시 울주군,7170132
06,울산광역시 중구,5405135
06,울산광역시 남구,9798502
06,울산광역시 동구,3848026
06,울산광역시 북구,5323413
06,울산광역시 울주군,6690718
07,울산광역시 중구,5464847
07,울산광역시 남구,9869212
07,울산광역시 동구,3894985
07,울산광역시 북구,5481325
07,울산광역시 울주군,6861259
08,울산광역시 중구,5302414
08,울산광역시 남구,9744902
08,울산광역시 동구,3856208
08,울산광역시 북구,5510888
08,울산광역시 울주군,7002517
09,울산광역시 중구,5332971
09,울산광역시 남구,9844164
09,울산광역시 동구,3886326
09,울산광역시 북구,5464183
09,울산광역시 울주군,7010402
10,울산광역시 중구,5505242
10,울산광역시 남구,10056457
10,울산광역시 동구,3896981
10,울산광역시 북구,5531679
10,울산광역시 울주군,7378275
11,울산광역시 중구,5173570
11,울산광역시 남구,9674616
11,울산광역시 동구,3714205
11,울산광역시 북구,5227414
11,울산광역시 울주군,6760292
12,울산광역시 중구,5128461
12,울산광역시 남구,9735715
12,울산광역시 동구,3629664
12,울산광역시 북구,5298846
12,울산광역시 울주군,6404782
01,전라남도 목포시,7435054
01,전라남도 여수시,6908362
01,전라남도 순천시,7251626
01,전라남도 나주시,3474660
01,전라남도 광양시,3459201
01,전라남도 담양군,1946579
01,전라남도 곡성군,850603
01,전라남도 구례군,797405
01,전라남도 고흥군,1423739
01,전라남도 보성군,1224222
01,전라남도 화순군,2229244
01,전라남도 장흥군,1251077
01,전라남도 강진군,1137045
01,전라남도 해남군,1774744
01,전라남도 영암군,1868990
01,전라남도 무안군,2861326
01,전라남도 함평군,866250
01,전라남도 영광군,1558029
01,전라남도 장성군,1418753
01,전라남도 완도군,1465857
01,전라남도 진도군,909242
01,전라남도 신안군,909930
02,전라남도 목포시,6691305
02,전라남도 여수시,6346137
02,전라남도 순천시,6564074
02,전라남도 나주시,3165096
02,전라남도 광양시,3235254
02,전라남도 담양군,1785933
02,전라남도 곡성군,734965
02,전라남도 구례군,718627
02,전라남도 고흥군,1188926
02,전라남도 보성군,1030587
02,전라남도 화순군,2029133
02,전라남도 장흥군,1048592
02,전라남도 강진군,1018882
02,전라남도 해남군,1533244
02,전라남도 영암군,1735325
02,전라남도 무안군,2599087
02,전라남도 함평군,764913
02,전라남도 영광군,1383728
02,전라남도 장성군,1306312
02,전라남도 완도군,1278888
02,전라남도 진도군,798999
02,전라남도 신안군,840692
03,전라남도 목포시,7718611
03,전라남도 여수시,7109724
03,전라남도 순천시,7694614
03,전라남도 나주시,3817391
03,전라남도 광양시,4193322
03,전라남도 담양군,2166211
03,전라남도 곡성군,971440
03,전라남도 구례군,1541277
03,전라남도 고흥군,1403828
03,전라남도 보성군,1259314
03,전라남도 화순군,2441777
03,전라남도 장흥군,1235336
03,전라남도 강진군,1222612
03,전라남도 해남군,1816494
03,전라남도 영암군,2081262
03,전라남도 무안군,3169836
03,전라남도 함평군,939786
03,전라남도 영광군,1618583
03,전라남도 장성군,1641661
03,전라남도 완도군,1507709
03,전라남도 진도군,890468
03,전라남도 신안군,1034211
04,전라남도 목포시,7390119
04,전라남도 여수시,6969148
04,전라남도 순천시,8062195
04,전라남도 나주시,3669084
04,전라남도 광양시,3554524
04,전라남도 담양군,2126975
04,전라남도 곡성군,978366
04,전라남도 구례군,1026304
04,전라남도 고흥군,1406313
04,전라남도 보성군,1366909
04,전라남도 화순군,2462115
04,전라남도 장흥군,1262016
04,전라남도 강진군,1293504
04,전라남도 해남군,1775998
04,전라남도 영암군,2082888
04,전라남도 무안군,2978361
04,전라남도 함평군,1009914
04,전라남도 영광군,1648555
04,전라남도 장성군,1575936
04,전라남도 완도군,1486155
04,전라남도 진도군,927640
04,전라남도 신안군,1249617
05,전라남도 목포시,7792044
05,전라남도 여수시,7319382
05,전라남도 순천시,8200530
05,전라남도 나주시,3866193
05,전라남도 광양시,3751427
05,전라남도 담양군,2327020
05,전라남도 곡성군,1318156
05,전라남도 구례군,976359
05,전라남도 고흥군,1536994
05,전라남도 보성군,1396079
05,전라남도 화순군,2488891
05,전라남도 장흥군,1300534
05,전라남도 강진군,1231317
05,전라남도 해남군,1904145
05,전라남도 영암군,2126925
05,전라남도 무안군,3220465
05,전라남도 함평군,1092100
05,전라남도 영광군,1696377
05,전라남도 장성군,1794607
05,전라남도 완도군,1617072
05,전라남도 진도군,936726
05,전라남도 신안군,1250790
06,전라남도 목포시,7366350
06,전라남도 여수시,7030724
06,전라남도 순천시,7486224
06,전라남도 나주시,3660202
06,전라남도 광양시,3413568
06,전라남도 담양군,2238395
06,전라남도 곡성군,954331
06,전라남도 구례군,899310
06,전라남도 고흥군,1446644
06,전라남도 보성군,1237961
06,전라남도 화순군,2346814
06,전라남도 장흥군,1251049
06,전라남도 강진군,1146054
06,전라남도 해남군,1695995
06,전라남도 영암군,1918309
06,전라남도 무안군,2931609
06,전라남도 함평군,939871
06,전라남도 영광군,1648309
06,전라남도 장성군,1668681
06,전라남도 완도군,1430809
06,전라남도 진도군,897909
06,전라남도 신안군,1172539
07,전라남도 목포시,7609342
07,전라남도 여수시,7296367
07,전라남도 순천시,7423394
07,전라남도 나주시,3645005
07,전라남도 광양시,3523935
07,전라남도 담양군,2190049
07,전라남도 곡성군,842766
07,전라남도 구례군,893719
07,전라남도 고흥군,1441997
07,전라남도 보성군,1168607
07,전라남도 화순군,2366467
07,전라남도 장흥군,1287043
07,전라남도 강진군,1118127
07,전라남도 해남군,1657425
07,전라남도 영암군,1873963
07,전라남도 무안군,2900113
07,전라남도 함평군,892514
07,전라남도 영광군,1611971
07,전라남도 장성군,1540687
07,전라남도 완도군,1451694
07,전라남도 진도군,900798
07,전라남도 신안군,1072669
08,전라남도 목포시,7733376
08,전라남도 여수시,7574928
08,전라남도 순천시,7538375
08,전라남도 나주시,3735452
08,전라남도 광양시,3658303
08,전라남도 담양군,2360799
08,전라남도 곡성군,885184
08,전라남도 구례군,1057687
08,전라남도 고흥군,1472944
08,전라남도 보성군,1204584
08,전라남도 화순군,2405236
08,전라남도 장흥군,1279019
08,전라남도 강진군,1160121
08,전라남도 해남군,1808566
08,전라남도 영암군,1962046
08,전라남도 무안군,2919707
08,전라남도 함평군,949365
08,전라남도 영광군,1690019
08,전라남도 장성군,1600665
08,전라남도 완도군,1556918
08,전라남도 진도군,979246
08,전라남도 신안군,1213475
09,전라남도 목포시,7492797
09,전라남도 여수시,6851977
09,전라남도 순천시,7353566
09,전라남도 나주시,3589555
09,전라남도 광양시,3370346
09,전라남도 담양군,2230888
09,전라남도 곡성군,885322
09,전라남도 구례군,917759
09,전라남도 고흥군,1488860
09,전라남도 보성군,1238154
09,전라남도 화순군,2196535
09,전라남도 장흥군,1264154
09,전라남도 강진군,1177216
09,전라남도 해남군,1846221
09,전라남도 영암군,1944333
09,전라남도 무안군,2988415
09,전라남도 함평군,946134
09,전라남도 영광군,1843821
09,전라남도 장성군,1568451
09,전라남도 완도군,1560888
09,전라남도 진도군,993480
09,전라남도 신안군,1285840
10,전라남도 목포시,8095820
10,전라남도 여수시,7537994
10,전라남도 순천시,8319478
10,전라남도 나주시,3819959
10,전라남도 광양시,3622624
10,전라남도 담양군,2372644
10,전라남도 곡성군,938114
10,전라남도 구례군,1080508
10,전라남도 고흥군,1502174
10,전라남도 보성군,1316658
10,전라남도 화순군,2434457
10,전라남도 장흥군,1282341
10,전라남도 강진군,1238680
10,전라남도 해남군,1937318
10,전라남도 영암군,2074405
10,전라남도 무안군,3089747
10,전라남도 함평군,1022875
10,전라남도 영광군,1727853
10,전라남도 장성군,1941478
10,전라남도 완도군,1661887
10,전라남도 진도군,1038109
10,전라남도 신안군,1445581
11,전라남도 목포시,7560515
11,전라남도 여수시,6835612
11,전라남도 순천시,7371451
11,전라남도 나주시,3565018
11,전라남도 광양시,3372121
11,전라남도 담양군,2135567
11,전라남도 곡성군,805785
11,전라남도 구례군,930982
11,전라남도 고흥군,1355487
11,전라남도 보성군,1134522
11,전라남도 화순군,2192755
11,전라남도 장흥군,1172672
11,전라남도 강진군,1101507
11,전라남도 해남군,1781793
11,전라남도 영암군,1923232
11,전라남도 무안군,2872073
11,전라남도 함평군,868618
11,전라남도 영광군,1519624
11,전라남도 장성군,1635805
11,전라남도 완도군,1465739
11,전라남도 진도군,906721
11,전라남도 신안군,1164794
12,전라남도 목포시,7751567
12,전라남도 여수시,7011488
12,전라남도 순천시,7314882
12,전라남도 나주시,3466209
12,전라남도 광양시,3366840
12,전라남도 담양군,2006673
12,전라남도 곡성군,740542
12,전라남도 구례군,766664
12,전라남도 고흥군,1341099
12,전라남도 보성군,1132140
12,전라남도 화순군,2094981
12,전라남도 장흥군,1176723
12,전라남도 강진군,1142171
12,전라남도 해남군,1862186
12,전라남도 영암군,1776279
12,전라남도 무안군,2902081
12,전라남도 함평군,771532
12,전라남도 영광군,1593931
12,전라남도 장성군,1359828
12,전라남도 완도군,1588589
12,전라남도 진도군,974985
12,전라남도 신안군,1187675
01,전북특별자치도 전주시 완산구,10007337
01,전북특별자치도 전주시 덕진구,8571588
01,전북특별자치도 군산시,8004157
01,전북특별자치도 익산시,7912983
01,전북특별자치도 정읍시,2740149
01,전북특별자치도 남원시,2336241
01,전북특별자치도 김제시,2279192
01,전북특별자치도 완주군,2757553
01,전북특별자치도 진안군,606659
01,전북특별자치도 무주군,1386243
01,전북특별자치도 장수군,532769
01,전북특별자치도 임실군,893273
01,전북특별자치도 순창군,695039
01,전북특별자치도 고창군,1682204
01,전북특별자치도 부안군,1711062
02,전북특별자치도 전주시 완산구,9167693
02,전북특별자치도 전주시 덕진구,7983361
02,전북특별자치도 군산시,7358677
02,전북특별자치도 익산시,7159461
02,전북특별자치도 정읍시,2380386
02,전북특별자치도 남원시,2066482
02,전북특별자치도 김제시,2038001
02,전북특별자치도 완주군,2557462
02,전북특별자치도 진안군,535156
02,전북특별자치도 무주군,1044011
02,전북특별자치도 장수군,453640
02,전북특별자치도 임실군,736242
02,전북특별자치도 순창군,638440
02,전북특별자치도 고창군,1503424
02,전북특별자치도 부안군,1548301
03,전북특별자치도 전주시 완산구,10549813
03,전북특별자치도 전주시 덕진구,9379960
03,전북특별자치도 군산시,8544631
03,전북특별자치도 익산시,8490276
03,전북특별자치도 정읍시,2805138
03,전북특별자치도 남원시,2508484
03,전북특별자치도 김제시,2403866
03,전북특별자치도 완주군,3166099
03,전북특별자치도 진안군,676815
03,전북특별자치도 무주군,905846
03,전북특별자치도 장수군,548541
03,전북특별자치도 임실군,1038401
03,전북특별자치도 순창군,792594
03,전북특별자치도 고창군,1828955
03,전북특별자치도 부안군,1797604
04,전북특별자치도 전주시 완산구,9811614
04,전북특별자치도 전주시 덕진구,8594769
04,전북특별자치도 군산시,8198611
04,전북특별자치도 익산시,7869364
04,전북특별자치도 정읍시,2768084
04,전북특별자치도 남원시,2463061
04,전북특별자치도 김제시,2367461
04,전북특별자치도 완주군,3045871
04,전북특별자치도 진안군,800871
04,전북특별자치도 무주군,974142
04,전북특별자치도 장수군,550476
04,전북특별자치도 임실군,1088384
04,전북특별자치도 순창군,802343
04,전북특별자치도 고창군,2052454
04,전북특별자치도 부안군,1909556
05,전북특별자치도 전주시 완산구,10489088
05,전북특별자치도 전주시 덕진구,9319582
05,전북특별자치도 군산시,8712183
05,전북특별자치도 익산시,8533925
05,전북특별자치도 정읍시,2892439
05,전북특별자치도 남원시,2705887
05,전북특별자치도 김제시,2518935
05,전북특별자치도 완주군,3321745
05,전북특별자치도 진안군,762912
05,전북특별자치도 무주군,1075230
05,전북특별자치도 장수군,602396
05,전북특별자치도 임실군,1141141
05,전북특별자치도 순창군,828411
05,전북특별자치도 고창군,2023649
05,전북특별자치도 부안군,2034209
06,전북특별자치도 전주시 완산구,9200250
06,전북특별자치도 전주시 덕진구,8317332
06,전북특별자치도 군산시,8068961
06,전북특별자치도 익산시,7691486
06,전북특별자치도 정읍시,2772164
06,전북특별자치도 남원시,2441773
06,전북특별자치도 김제시,2282909
06,전북특별자치도 완주군,3081574
06,전북특별자치도 진안군,718281
06,전북특별자치도 무주군,1069801
06,전북특별자치도 장수군,594323
06,전북특별자치도 임실군,1027961
06,전북특별자치도 순창군,817262
06,전북특별자치도 고창군,1912634
06,전북특별자치도 부안군,1859464
07,전북특별자치도 전주시 완산구,9335941
07,전북특별자치도 전주시 덕진구,8274400
07,전북특별자치도 군산시,8047696
07,전북특별자치도 익산시,7724299
07,전북특별자치도 정읍시,2751625
07,전북특별자치도 남원시,2501588
07,전북특별자치도 김제시,2273108
07,전북특별자치도 완주군,3122816
07,전북특별자치도 진안군,706049
07,전북특별자치도 무주군,1068449
07,전북특별자치도 장수군,591510
07,전북특별자치도 임실군,971169
07,전북특별자치도 순창군,760787
07,전북특별자치도 고창군,1790579
07,전북특별자치도 부안군,1860369
08,전북특별자치도 전주시 완산구,9404423
08,전북특별자치도 전주시 덕진구,8268368
08,전북특별자치도 군산시,8223285
08,전북특별자치도 익산시,7832086
08,전북특별자치도 정읍시,2783919
08,전북특별자치도 남원시,2644302
08,전북특별자치도 김제시,2334720
08,전북특별자치도 완주군,3294768
08,전북특별자치도 진안군,802948
08,전북특별자치도 무주군,1273569
08,전북특별자치도 장수군,651728
08,전북특별자치도 임실군,1034846
08,전북특별자치도 순창군,844975
08,전북특별자치도 고창군,1880636
08,전북특별자치도 부안군,2065674
09,전북특별자치도 전주시 완산구,9097059
09,전북특별자치도 전주시 덕진구,8165178
09,전북특별자치도 군산시,8163128
09,전북특별자치도 익산시,7843935
09,전북특별자치도 정읍시,2821946
09,전북특별자치도 남원시,2472829
09,전북특별자치도 김제시,2368526
09,전북특별자치도 완주군,3178326
09,전북특별자치도 진안군,790783
09,전북특별자치도 무주군,1173524
09,전북특별자치도 장수군,651044
09,전북특별자치도 임실군,1174466
09,전북특별자치도 순창군,794968
09,전북특별자치도 고창군,1869888
09,전북특별자치도 부안군,1935875
10,전북특별자치도 전주시 완산구,9885685
10,전북특별자치도 전주시 덕진구,8798003
10,전북특별자치도 군산시,8672788
10,전북특별자치도 익산시,8322671
10,전북특별자치도 정읍시,3139820
10,전북특별자치도 남원시,2649597
10,전북특별자치도 김제시,2578521
10,전북특별자치도 완주군,3380690
10,전북특별자치도 진안군,784120
10,전북특별자치도 무주군,1186875
10,전북특별자치도 장수군,568273
10,전북특별자치도 임실군,1368763
10,전북특별자치도 순창군,891996
10,전북특별자치도 고창군,2004528
10,전북특별자치도 부안군,2055667
11,전북특별자치도 전주시 완산구,9421190
11,전북특별자치도 전주시 덕진구,8484795
11,전북특별자치도 군산시,8010112
11,전북특별자치도 익산시,7969318
11,전북특별자치도 정읍시,3012756
11,전북특별자치도 남원시,2401234
11,전북특별자치도 김제시,2292657
11,전북특별자치도 완주군,3109114
11,전북특별자치도 진안군,684143
11,전북특별자치도 무주군,998810
11,전북특별자치도 장수군,520679
11,전북특별자치도 임실군,1001682
11,전북특별자치도 순창군,887156
11,전북특별자치도 고창군,1750050
11,전북특별자치도 부안군,1792882
12,전북특별자치도 전주시 완산구,9755437
12,전북특별자치도 전주시 덕진구,8568551
12,전북특별자치도 군산시,7970156
12,전북특별자치도 익산시,7836207
12,전북특별자치도 정읍시,2652332
12,전북특별자치도 남원시,2278591
12,전북특별자치도 김제시,2172326
12,전북특별자치도 완주군,2811871
12,전북특별자치도 진안군,599922
12,전북특별자치도 무주군,1192183
12,전북특별자치도 장수군,452706
12,전북특별자치도 임실군,875510
12,전북특별자치도 순창군,622461
12,전북특별자치도 고창군,1628395
12,전북특별자치도 부안군,1721669
01,제주특별자치도 제주시,18925118
01,제주특별자치도 서귀포시,8222230
02,제주특별자치도 제주시,17602573
02,제주특별자치도 서귀포시,7731891
03,제주특별자치도 제주시,19799557
03,제주특별자치도 서귀포시,8508222
04,제주특별자치도 제주시,19006199
04,제주특별자치도 서귀포시,8515290
05,제주특별자치도 제주시,19986169
05,제주특별자치도 서귀포시,8768186
06,제주특별자치도 제주시,19263158
06,제주특별자치도 서귀포시,8269975
07,제주특별자치도 제주시,19593061
07,제주특별자치도 서귀포시,8286926
08,제주특별자치도 제주시,20086884
08,제주특별자치도 서귀포시,8823165
09,제주특별자치도 제주시,18280672
09,제주특별자치도 서귀포시,7745590
10,제주특별자치도 제주시,20145873
10,제주특별자치도 서귀포시,8911544
11,제주특별자치도 제주시,18722335
11,제주특별자치도 서귀포시,8042430
12,제주특별자치도 제주시,18835167
12,제주특별자치도 서귀포시,7933875
01,충청남도 천안시 동남구,7390428
01,충청남도 천안시 서북구,7331543
01,충청남도 공주시,3648420
01,충청남도 보령시,3647894
01,충청남도 아산시,8012825
01,충청남도 서산시,4582809
01,충청남도 논산시,3581936
01,충청남도 계룡시,1177473
01,충청남도 당진시,5253005
01,충청남도 금산군,1862273
01,충청남도 부여군,2416935
01,충청남도 서천군,1908301
01,충청남도 청양군,1004413
01,충청남도 홍성군,2697743
01,충청남도 예산군,2772124
01,충청남도 태안군,2563367
02,충청남도 천안시 동남구,7015810
02,충청남도 천안시 서북구,6878073
02,충청남도 공주시,3224990
02,충청남도 보령시,3324770
02,충청남도 아산시,7855633
02,충청남도 서산시,4248234
02,충청남도 논산시,3203010
02,충청남도 계룡시,1081011
02,충청남도 당진시,4863891
02,충청남도 금산군,1659514
02,충청남도 부여군,2118355
02,충청남도 서천군,1668951
02,충청남도 청양군,850330
02,충청남도 홍성군,2528494
02,충청남도 예산군,2640152
02,충청남도 태안군,2436193
03,충청남도 천안시 동남구,8663144
03,충청남도 천안시 서북구,8069697
03,충청남도 공주시,3989945
03,충청남도 보령시,3770373
03,충청남도 아산시,9105796
03,충청남도 서산시,5021245
03,충청남도 논산시,3920697
03,충청남도 계룡시,1307138
03,충청남도 당진시,5748036
03,충청남도 금산군,2049215
03,충청남도 부여군,2479835
03,충청남도 서천군,2019171
03,충청남도 청양군,969142
03,충청남도 홍성군,2917648
03,충청남도 예산군,2881704
03,충청남도 태안군,2970899
04,충청남도 천안시 동남구,7667493
04,충청남도 천안시 서북구,7256545
04,충청남도 공주시,3917871
04,충청남도 보령시,3851471
04,충청남도 아산시,8325121
04,충청남도 서산시,5065827
04,충청남도 논산시,3600095
04,충청남도 계룡시,1187818
04,충청남도 당진시,5765211
04,충청남도 금산군,2012759
04,충청남도 부여군,2522144
04,충청남도 서천군,1976938
04,충청남도 청양군,980953
04,충청남도 홍성군,2777205
04,충청남도 예산군,2944961
04,충청남도 태안군,3400979
05,충청남도 천안시 동남구,8618670
05,충청남도 천안시 서북구,7643205
05,충청남도 공주시,4166371
05,충청남도 보령시,4097977
05,충청남도 아산시,9279307
05,충청남도 서산시,5224905
05,충청남도 논산시,3866329
05,충청남도 계룡시,1304950
05,충청남도 당진시,5996600
05,충청남도 금산군,2120482
05,충청남도 부여군,2629964
05,충청남도 서천군,2158906
05,충청남도 청양군,1027233
05,충청남도 홍성군,2867176
05,충청남도 예산군,3039360
05,충청남도 태안군,3510101
06,충청남도 천안시 동남구,7688465
06,충청남도 천안시 서북구,6436085
06,충청남도 공주시,3884599
06,충청남도 보령시,3915214
06,충청남도 아산시,8275105
06,충청남도 서산시,5006896
06,충청남도 논산시,3605536
06,충청남도 계룡시,1206663
06,충청남도 당진시,5649380
06,충청남도 금산군,2017567
06,충청남도 부여군,2489346
06,충청남도 서천군,2015392
06,충청남도 청양군,869396
06,충청남도 홍성군,2841289
06,충청남도 예산군,2866058
06,충청남도 태안군,3373763
07,충청남도 천안시 동남구,7417648
07,충청남도 천안시 서북구,6506729
07,충청남도 공주시,3725917
07,충청남도 보령시,3981355
07,충청남도 아산시,8304315
07,충청남도 서산시,4834261
07,충청남도 논산시,3446976
07,충청남도 계룡시,1227027
07,충청남도 당진시,5388047
07,충청남도 금산군,1959337
07,충청남도 부여군,2487749
07,충청남도 서천군,1851595
07,충청남도 청양군,835948
07,충청남도 홍성군,2561344
07,충청남도 예산군,2686134
07,충청남도 태안군,3318634
08,충청남도 천안시 동남구,7689195
08,충청남도 천안시 서북구,6476803
08,충청남도 공주시,3905705
08,충청남도 보령시,4181150
08,충청남도 아산시,8597760
08,충청남도 서산시,4893375
08,충청남도 논산시,3506569
08,충청남도 계룡시,1253104
08,충청남도 당진시,5379557
08,충청남도 금산군,2017437
08,충청남도 부여군,2432231
08,충청남도 서천군,2185636
08,충청남도 청양군,826292
08,충청남도 홍성군,2768850
08,충청남도 예산군,2800241
08,충청남도 태안군,3632210
09,충청남도 천안시 동남구,7707527
09,충청남도 천안시 서북구,6400290
09,충청남도 공주시,3873535
09,충청남도 보령시,4050136
09,충청남도 아산시,8380961
09,충청남도 서산시,4706485
09,충청남도 논산시,3557512
09,충청남도 계룡시,1187859
09,충청남도 당진시,5408502
09,충청남도 금산군,2103020
09,충청남도 부여군,2508225
09,충청남도 서천군,2251264
09,충청남도 청양군,931573
09,충청남도 홍성군,2743674
09,충청남도 예산군,2823946
09,충청남도 태안군,3421366
10,충청남도 천안시 동남구,8151534
10,충청남도 천안시 서북구,7106323
10,충청남도 공주시,3967838
10,충청남도 보령시,4178538
10,충청남도 아산시,9115527
10,충청남도 서산시,5047443
10,충청남도 논산시,3726716
10,충청남도 계룡시,1355663
10,충청남도 당진시,5872287
10,충청남도 금산군,2338431
10,충청남도 부여군,2577457
10,충청남도 서천군,2233072
10,충청남도 청양군,935789
10,충청남도 홍성군,2893414
10,충청남도 예산군,3036886
10,충청남도 태안군,3658235
11,충청남도 천안시 동남구,7823869
11,충청남도 천안시 서북구,7001046
11,충청남도 공주시,3407673
11,충청남도 보령시,3581655
11,충청남도 아산시,8595734
11,충청남도 서산시,4641754
11,충청남도 논산시,3446403
11,충청남도 계룡시,1158799
11,충청남도 당진시,5290191
11,충청남도 금산군,1991958
11,충청남도 부여군,2259676
11,충청남도 서천군,1887917
11,충청남도 청양군,787366
11,충청남도 홍성군,2750380
11,충청남도 예산군,2712018
11,충청남도 태안군,2769178
12,충청남도 천안시 동남구,7643145
12,충청남도 천안시 서북구,7034276
12,충청남도 공주시,3181870
12,충청남도 보령시,3662058
12,충청남도 아산시,8585578
12,충청남도 서산시,4550701
12,충청남도 논산시,3374364
12,충청남도 계룡시,1208471
12,충청남도 당진시,5197057
12,충청남도 금산군,1809290
12,충청남도 부여군,2158298
12,충청남도 서천군,1841777
12,충청남도 청양군,762430
12,충청남도 홍성군,2580346
12,충청남도 예산군,2621335
12,충청남도 태안군,2626910
01,충청북도 청주시 상당구,5395737
01,충청북도 청주시 서원구,5483231
01,충청북도 청주시 흥덕구,7056830
01,충청북도 청주시 청원구,5136171
01,충청북도 충주시,6549776
01,충청북도 제천시,2990255
01,충청북도 보은군,951502
01,충청북도 옥천군,1867395
01,충청북도 영동군,1442983
01,충청북도 증평군,1217285
01,충청북도 진천군,2267421
01,충청북도 괴산군,1215631
01,충청북도 음성군,3410619
01,충청북도 단양군,1105297
02,충청북도 청주시 상당구,5017977
02,충청북도 청주시 서원구,5047356
02,충청북도 청주시 흥덕구,6699986
02,충청북도 청주시 청원구,4789608
02,충청북도 충주시,6009826
02,충청북도 제천시,2754773
02,충청북도 보은군,866978
02,충청북도 옥천군,1656044
02,충청북도 영동군,1282766
02,충청북도 증평군,1134833
02,충청북도 진천군,2169639
02,충청북도 괴산군,1062913
02,충청북도 음성군,3157265
02,충청북도 단양군,982532
03,충청북도 청주시 상당구,6016481
03,충청북도 청주시 서원구,6104000
03,충청북도 청주시 흥덕구,7620710
03,충청북도 청주시 청원구,5629397
03,충청북도 충주시,7212117
03,충청북도 제천시,3323909
03,충청북도 보은군,1065669
03,충청북도 옥천군,2050568
03,충청북도 영동군,1545176
03,충청북도 증평군,1349519
03,충청북도 진천군,2556364
03,충청북도 괴산군,1371964
03,충청북도 음성군,3703143
03,충청북도 단양군,1124903
04,충청북도 청주시 상당구,5652354
04,충청북도 청주시 서원구,5420830
04,충청북도 청주시 흥덕구,7026605
04,충청북도 청주시 청원구,5075974
04,충청북도 충주시,6854466
04,충청북도 제천시,3282097
04,충청북도 보은군,1100345
04,충청북도 옥천군,2079581
04,충청북도 영동군,1539548
04,충청북도 증평군,1302194
04,충청북도 진천군,2419413
04,충청북도 괴산군,1386005
04,충청북도 음성군,3579941
04,충청북도 단양군,1298058
05,충청북도 청주시 상당구,5946275
05,충청북도 청주시 서원구,5932316
05,충청북도 청주시 흥덕구,7592980
05,충청북도 청주시 청원구,5613421
05,충청북도 충주시,7467618
05,충청북도 제천시,3577791
05,충청북도 보은군,1184338
05,충청북도 옥천군,2163432
05,충청북도 영동군,1648646
05,충청북도 증평군,1388821
05,충청북도 진천군,2551282
05,충청북도 괴산군,1536345
05,충청북도 음성군,3975691
05,충청북도 단양군,1440243
06,충청북도 청주시 상당구,5472654
06,충청북도 청주시 서원구,4811071
06,충청북도 청주시 흥덕구,6883414
06,충청북도 청주시 청원구,4581603
06,충청북도 충주시,7006187
06,충청북도 제천시,3367142
06,충청북도 보은군,1080411
06,충청북도 옥천군,1965542
06,충청북도 영동군,1547611
06,충청북도 증평군,1338489
06,충청북도 진천군,2757772
06,충청북도 괴산군,1505127
06,충청북도 음성군,3685953
06,충청북도 단양군,1374216
07,충청북도 청주시 상당구,5444386
07,충청북도 청주시 서원구,4828489
07,충청북도 청주시 흥덕구,7019373
07,충청북도 청주시 청원구,4575636
07,충청북도 충주시,6994053
07,충청북도 제천시,3453640
07,충청북도 보은군,1048974
07,충청북도 옥천군,1926929
07,충청북도 영동군,1523928
07,충청북도 증평군,1328398
07,충청북도 진천군,2498671
07,충청북도 괴산군,1544180
07,충청북도 음성군,3566131
07,충청북도 단양군,1329521
08,충청북도 청주시 상당구,5467265
08,충청북도 청주시 서원구,4757895
08,충청북도 청주시 흥덕구,7091819
08,충청북도 청주시 청원구,4569789
08,충청북도 충주시,7110264
08,충청북도 제천시,3666769
08,충청북도 보은군,1114398
08,충청북도 옥천군,1934366
08,충청북도 영동군,1623575
08,충청북도 증평군,1340191
08,충청북도 진천군,2593673
08,충청북도 괴산군,1752719
08,충청북도 음성군,3617843
08,충청북도 단양군,1526017
09,충청북도 청주시 상당구,5461512
09,충청북도 청주시 서원구,4834252
09,충청북도 청주시 흥덕구,6739803
09,충청북도 청주시 청원구,4743730
09,충청북도 충주시,7090913
09,충청북도 제천시,3402826
09,충청북도 보은군,1288576
09,충청북도 옥천군,1979776
09,충청북도 영동군,1574794
09,충청북도 증평군,1289631
09,충청북도 진천군,2496523
09,충청북도 괴산군,1702989
09,충청북도 음성군,3444089
09,충청북도 단양군,1485062
10,충청북도 청주시 상당구,5800582
10,충청북도 청주시 서원구,4956209
10,충청북도 청주시 흥덕구,7079487
10,충청북도 청주시 청원구,5240403
10,충청북도 충주시,7449282
10,충청북도 제천시,3636434
10,충청북도 보은군,1641623
10,충청북도 옥천군,2043930
10,충청북도 영동군,1619658
10,충청북도 증평군,1429931
10,충청북도 진천군,2652004
10,충청북도 괴산군,1707346
10,충청북도 음성군,3563238
10,충청북도 단양군,1729311
11,충청북도 청주시 상당구,5328500
11,충청북도 청주시 서원구,4763351
11,충청북도 청주시 흥덕구,6925712
11,충청북도 청주시 청원구,5011068
11,충청북도 충주시,7003519
11,충청북도 제천시,3296031
11,충청북도 보은군,1252302
11,충청북도 옥천군,1856751
11,충청북도 영동군,1455520
11,충청북도 증평군,1304396
11,충청북도 진천군,2462538
11,충청북도 괴산군,1474740
11,충청북도 음성군,3303685
11,충청북도 단양군,1311346
12,충청북도 청주시 상당구,5401308
12,충청북도 청주시 서원구,4592896
12,충청북도 청주시 흥덕구,7067018
12,충청북도 청주시 청원구,5015750
12,충청북도 충주시,7237488
12,충청북도 제천시,3092440
12,충청북도 보은군,996234
12,충청북도 옥천군,1745814
12,충청북도 영동군,1362806
12,충청북도 증평군,1320041
12,충청북도 진천군,2372011
12,충청북도 괴산군,1211365
12,충청북도 음성군,3083478
12,충청북도 단양군,1042746
